Title,Price,Rating,Colors,Size,Gender,timestamp
Unknown Product,$100.00,Rating: ⭐ Invalid Rating / 5,5 Colors,Size: M,Gender: Men,2025-11-20T09:07:01.425880
T-shirt 2,$102.15,Rating: ⭐ 3.9 / 5,3 Colors,Size: M,Gender: Women,2025-11-20T09:07:01.442062
Hoodie 3,$496.88,Rating: ⭐ 4.8 / 5,3 Colors,Size: L,Gender: Unisex,2025-11-20T09:07:01.442062
Pants 4,$467.31,Rating: ⭐ 3.3 / 5,3 Colors,Size: XL,Gender: Men,2025-11-20T09:07:01.442062
Outerwear 5,$321.59,Rating: ⭐ 3.5 / 5,3 Colors,Size: XXL,Gender: Women,2025-11-20T09:07:01.442062
Jacket 6,$153.37,Rating: ⭐ 3.3 / 5,3 Colors,Size: S,Gender: Unisex,2025-11-20T09:07:01.442062
Crewneck 7,$430.75,Rating: ⭐ 4.3 / 5,3 Colors,Size: M,Gender: Men,2025-11-20T09:07:01.442062
T-shirt 8,$487.66,Rating: ⭐ 3.1 / 5,3 Colors,Size: L,Gender: Women,2025-11-20T09:07:01.442062
Hoodie 9,$248.26,Rating: ⭐ 3.2 / 5,3 Colors,Size: XL,Gender: Unisex,2025-11-20T09:07:01.442062
Pants 10,$193.76,Rating: ⭐ 4.2 / 5,3 Colors,Size: XXL,Gender: Men,2025-11-20T09:07:01.442062
Unknown Product,$100.00,Rating: ⭐ Invalid Rating / 5,5 Colors,Size: M,Gender: Men,2025-11-20T09:07:01.442062
Jacket 12,$532.99,Rating: ⭐ 3.9 / 5,3 Colors,Size: M,Gender: Unisex,2025-11-20T09:07:01.442062
Crewneck 13,$340.45,Rating: ⭐ 3.2 / 5,3 Colors,Size: L,Gender: Men,2025-11-20T09:07:01.442062
T-shirt 14,$203.05,Rating: ⭐ 3.8 / 5,3 Colors,Size: XL,Gender: Women,2025-11-20T09:07:01.442062
Hoodie 15,$136.51,Rating: ⭐ 3.6 / 5,3 Colors,Size: XXL,Gender: Unisex,2025-11-20T09:07:01.442062
Pants 16,Price Unavailable,Rating: Not Rated,8 Colors,Size: S,Gender: Men,2025-11-20T09:07:01.442062
Outerwear 17,$52.60,Rating: ⭐ 3.8 / 5,3 Colors,Size: M,Gender: Women,2025-11-20T09:07:01.442062
Jacket 18,$343.75,Rating: ⭐ 3.8 / 5,3 Colors,Size: L,Gender: Unisex,2025-11-20T09:07:01.442062
Crewneck 19,$81.81,Rating: ⭐ 3.6 / 5,3 Colors,Size: XL,Gender: Men,2025-11-20T09:07:01.442062
T-shirt 20,$82.85,Rating: ⭐ 3.4 / 5,3 Colors,Size: XXL,Gender: Women,2025-11-20T09:07:01.442062
Unknown Product,$100.00,Rating: ⭐ Invalid Rating / 5,5 Colors,Size: M,Gender: Men,2025-11-20T09:07:02.664165
Pants 22,$269.98,Rating: ⭐ 4.9 / 5,3 Colors,Size: M,Gender: Men,2025-11-20T09:07:02.664165
Outerwear 23,$290.99,Rating: ⭐ 3.7 / 5,3 Colors,Size: L,Gender: Women,2025-11-20T09:07:02.664165
Jacket 24,$513.97,Rating: ⭐ 3.9 / 5,3 Colors,Size: XL,Gender: Unisex,2025-11-20T09:07:02.664165
Crewneck 25,$520.16,Rating: ⭐ 3.3 / 5,3 Colors,Size: XXL,Gender: Men,2025-11-20T09:07:02.664165
T-shirt 26,$455.77,Rating: ⭐ 4.6 / 5,3 Colors,Size: S,Gender: Women,2025-11-20T09:07:02.664165
Hoodie 27,$221.99,Rating: ⭐ 4.8 / 5,3 Colors,Size: M,Gender: Unisex,2025-11-20T09:07:02.664165
Pants 28,$326.01,Rating: ⭐ 4.0 / 5,3 Colors,Size: L,Gender: Men,2025-11-20T09:07:02.664165
Outerwear 29,$53.85,Rating: ⭐ 3.1 / 5,3 Colors,Size: XL,Gender: Women,2025-11-20T09:07:02.664165
Jacket 30,$538.14,Rating: ⭐ 3.7 / 5,3 Colors,Size: XXL,Gender: Unisex,2025-11-20T09:07:02.666171
Unknown Product,$100.00,Rating: ⭐ Invalid Rating / 5,5 Colors,Size: M,Gender: Men,2025-11-20T09:07:02.666171
T-shirt 32,$416.12,Rating: ⭐ 3.4 / 5,3 Colors,Size: M,Gender: Women,2025-11-20T09:07:02.666171
Hoodie 33,$453.01,Rating: ⭐ 3.5 / 5,3 Colors,Size: L,Gender: Unisex,2025-11-20T09:07:02.666171
Pants 34,$522.67,Rating: ⭐ 3.8 / 5,3 Colors,Size: XL,Gender: Men,2025-11-20T09:07:02.666171
Outerwear 35,$84.76,Rating: ⭐ 3.8 / 5,3 Colors,Size: XXL,Gender: Women,2025-11-20T09:07:02.666171
Jacket 36,$453.08,Rating: ⭐ 3.7 / 5,3 Colors,Size: S,Gender: Unisex,2025-11-20T09:07:02.666171
Crewneck 37,$375.38,Rating: ⭐ 4.0 / 5,3 Colors,Size: M,Gender: Men,2025-11-20T09:07:02.666171
T-shirt 38,$304.13,Rating: ⭐ 3.2 / 5,3 Colors,Size: L,Gender: Women,2025-11-20T09:07:02.666171
Hoodie 39,$401.95,Rating: ⭐ 4.6 / 5,3 Colors,Size: XL,Gender: Unisex,2025-11-20T09:07:02.666171
Pants 40,$365.85,Rating: ⭐ 3.1 / 5,3 Colors,Size: XXL,Gender: Men,2025-11-20T09:07:02.666171
Unknown Product,$100.00,Rating: ⭐ Invalid Rating / 5,5 Colors,Size: M,Gender: Men,2025-11-20T09:07:04.111704
Jacket 42,$421.51,Rating: ⭐ 3.7 / 5,3 Colors,Size: M,Gender: Unisex,2025-11-20T09:07:04.111704
Crewneck 43,$181.85,Rating: ⭐ 4.5 / 5,3 Colors,Size: L,Gender: Men,2025-11-20T09:07:04.111704
T-shirt 44,$207.02,Rating: ⭐ 3.0 / 5,3 Colors,Size: XL,Gender: Women,2025-11-20T09:07:04.111704
Hoodie 45,$543.32,Rating: ⭐ 4.5 / 5,3 Colors,Size: XXL,Gender: Unisex,2025-11-20T09:07:04.111704
Pants 46,Price Unavailable,Rating: Not Rated,8 Colors,Size: S,Gender: Men,2025-11-20T09:07:04.111704
Outerwear 47,$397.79,Rating: ⭐ 3.2 / 5,3 Colors,Size: M,Gender: Women,2025-11-20T09:07:04.111704
Jacket 48,$312.17,Rating: ⭐ 3.4 / 5,3 Colors,Size: L,Gender: Unisex,2025-11-20T09:07:04.113580
Crewneck 49,$66.95,Rating: ⭐ 4.0 / 5,3 Colors,Size: XL,Gender: Men,2025-11-20T09:07:04.113580
T-shirt 50,$370.81,Rating: ⭐ 3.1 / 5,3 Colors,Size: XXL,Gender: Women,2025-11-20T09:07:04.113580
Unknown Product,$100.00,Rating: ⭐ Invalid Rating / 5,5 Colors,Size: M,Gender: Men,2025-11-20T09:07:04.113580
Pants 52,$99.78,Rating: ⭐ 4.0 / 5,3 Colors,Size: M,Gender: Men,2025-11-20T09:07:04.113580
Outerwear 53,$279.43,Rating: ⭐ 4.3 / 5,3 Colors,Size: L,Gender: Women,2025-11-20T09:07:04.113580
Jacket 54,$53.41,Rating: ⭐ 4.2 / 5,3 Colors,Size: XL,Gender: Unisex,2025-11-20T09:07:04.113580
Crewneck 55,$112.11,Rating: ⭐ 3.6 / 5,3 Colors,Size: XXL,Gender: Men,2025-11-20T09:07:04.113580
T-shirt 56,$290.19,Rating: ⭐ 3.8 / 5,3 Colors,Size: S,Gender: Women,2025-11-20T09:07:04.115588
Hoodie 57,$197.21,Rating: ⭐ 4.9 / 5,3 Colors,Size: M,Gender: Unisex,2025-11-20T09:07:04.115588
Pants 58,$102.36,Rating: ⭐ 4.4 / 5,3 Colors,Size: L,Gender: Men,2025-11-20T09:07:04.115588
Outerwear 59,$140.89,Rating: ⭐ 4.6 / 5,3 Colors,Size: XL,Gender: Women,2025-11-20T09:07:04.115588
Jacket 60,$210.97,Rating: ⭐ 4.2 / 5,3 Colors,Size: XXL,Gender: Unisex,2025-11-20T09:07:04.115588
Unknown Product,$100.00,Rating: ⭐ Invalid Rating / 5,5 Colors,Size: M,Gender: Men,2025-11-20T09:07:05.281331
T-shirt 62,$86.03,Rating: ⭐ 3.8 / 5,3 Colors,Size: M,Gender: Women,2025-11-20T09:07:05.281331
Hoodie 63,$404.95,Rating: ⭐ 3.6 / 5,3 Colors,Size: L,Gender: Unisex,2025-11-20T09:07:05.281331
Pants 64,$483.03,Rating: ⭐ 4.0 / 5,3 Colors,Size: XL,Gender: Men,2025-11-20T09:07:05.281331
Outerwear 65,$149.12,Rating: ⭐ 4.1 / 5,3 Colors,Size: XXL,Gender: Women,2025-11-20T09:07:05.281331
Jacket 66,$272.07,Rating: ⭐ 3.5 / 5,3 Colors,Size: S,Gender: Unisex,2025-11-20T09:07:05.281331
Crewneck 67,$529.42,Rating: ⭐ 3.5 / 5,3 Colors,Size: M,Gender: Men,2025-11-20T09:07:05.281331
T-shirt 68,$501.58,Rating: ⭐ 4.0 / 5,3 Colors,Size: L,Gender: Women,2025-11-20T09:07:05.281331
Hoodie 69,$64.24,Rating: ⭐ 3.6 / 5,3 Colors,Size: XL,Gender: Unisex,2025-11-20T09:07:05.281331
Pants 70,$73.21,Rating: ⭐ 4.4 / 5,3 Colors,Size: XXL,Gender: Men,2025-11-20T09:07:05.281331
Unknown Product,$100.00,Rating: ⭐ Invalid Rating / 5,5 Colors,Size: M,Gender: Men,2025-11-20T09:07:05.281331
Jacket 72,$236.00,Rating: ⭐ 4.4 / 5,3 Colors,Size: M,Gender: Unisex,2025-11-20T09:07:05.281331
Crewneck 73,$153.77,Rating: ⭐ 3.0 / 5,3 Colors,Size: L,Gender: Men,2025-11-20T09:07:05.281331
T-shirt 74,$481.55,Rating: ⭐ 3.8 / 5,3 Colors,Size: XL,Gender: Women,2025-11-20T09:07:05.281331
Hoodie 75,$131.36,Rating: ⭐ 4.3 / 5,3 Colors,Size: XXL,Gender: Unisex,2025-11-20T09:07:05.281331
Pants 76,Price Unavailable,Rating: Not Rated,8 Colors,Size: S,Gender: Men,2025-11-20T09:07:05.281331
Outerwear 77,$53.86,Rating: ⭐ 3.7 / 5,3 Colors,Size: M,Gender: Women,2025-11-20T09:07:05.281331
Jacket 78,$169.78,Rating: ⭐ 4.3 / 5,3 Colors,Size: L,Gender: Unisex,2025-11-20T09:07:05.281331
Crewneck 79,$206.85,Rating: ⭐ 4.6 / 5,3 Colors,Size: XL,Gender: Men,2025-11-20T09:07:05.281331
T-shirt 80,$261.15,Rating: ⭐ 4.5 / 5,3 Colors,Size: XXL,Gender: Women,2025-11-20T09:07:05.281331
Unknown Product,$100.00,Rating: ⭐ Invalid Rating / 5,5 Colors,Size: M,Gender: Men,2025-11-20T09:07:07.057499
Pants 82,$519.72,Rating: ⭐ 4.8 / 5,3 Colors,Size: M,Gender: Men,2025-11-20T09:07:07.057499
Outerwear 83,$246.74,Rating: ⭐ 3.7 / 5,3 Colors,Size: L,Gender: Women,2025-11-20T09:07:07.057499
Jacket 84,$176.63,Rating: ⭐ 4.8 / 5,3 Colors,Size: XL,Gender: Unisex,2025-11-20T09:07:07.057499
Crewneck 85,$285.26,Rating: ⭐ 3.5 / 5,3 Colors,Size: XXL,Gender: Men,2025-11-20T09:07:07.057499
T-shirt 86,$104.43,Rating: ⭐ 3.9 / 5,3 Colors,Size: S,Gender: Women,2025-11-20T09:07:07.057499
Hoodie 87,$491.89,Rating: ⭐ 4.3 / 5,3 Colors,Size: M,Gender: Unisex,2025-11-20T09:07:07.057499
Pants 88,$474.40,Rating: ⭐ 3.1 / 5,3 Colors,Size: L,Gender: Men,2025-11-20T09:07:07.057499
Outerwear 89,$303.52,Rating: ⭐ 3.0 / 5,3 Colors,Size: XL,Gender: Women,2025-11-20T09:07:07.057499
Jacket 90,$447.50,Rating: ⭐ 4.0 / 5,3 Colors,Size: XXL,Gender: Unisex,2025-11-20T09:07:07.057499
Unknown Product,$100.00,Rating: ⭐ Invalid Rating / 5,5 Colors,Size: M,Gender: Men,2025-11-20T09:07:07.057499
T-shirt 92,$313.27,Rating: ⭐ 3.5 / 5,3 Colors,Size: M,Gender: Women,2025-11-20T09:07:07.057499
Hoodie 93,$85.33,Rating: ⭐ 3.6 / 5,3 Colors,Size: L,Gender: Unisex,2025-11-20T09:07:07.057499
Pants 94,$67.18,Rating: ⭐ 4.3 / 5,3 Colors,Size: XL,Gender: Men,2025-11-20T09:07:07.057499
Outerwear 95,$378.89,Rating: ⭐ 3.5 / 5,3 Colors,Size: XXL,Gender: Women,2025-11-20T09:07:07.057499
Jacket 96,$287.39,Rating: ⭐ 4.9 / 5,3 Colors,Size: S,Gender: Unisex,2025-11-20T09:07:07.057499
Crewneck 97,$382.07,Rating: ⭐ 3.9 / 5,3 Colors,Size: M,Gender: Men,2025-11-20T09:07:07.057499
T-shirt 98,$537.31,Rating: ⭐ 3.1 / 5,3 Colors,Size: L,Gender: Women,2025-11-20T09:07:07.057499
Hoodie 99,$314.25,Rating: ⭐ 3.6 / 5,3 Colors,Size: XL,Gender: Unisex,2025-11-20T09:07:07.057499
Pants 100,$138.58,Rating: ⭐ 4.6 / 5,3 Colors,Size: XXL,Gender: Men,2025-11-20T09:07:07.057499
Unknown Product,$100.00,Rating: ⭐ Invalid Rating / 5,5 Colors,Size: M,Gender: Men,2025-11-20T09:07:08.350723
Jacket 102,$240.04,Rating: ⭐ 3.3 / 5,3 Colors,Size: M,Gender: Unisex,2025-11-20T09:07:08.350723
Crewneck 103,$145.73,Rating: ⭐ 3.5 / 5,3 Colors,Size: L,Gender: Men,2025-11-20T09:07:08.350723
T-shirt 104,$148.40,Rating: ⭐ 3.8 / 5,3 Colors,Size: XL,Gender: Women,2025-11-20T09:07:08.350723
Hoodie 105,$313.74,Rating: ⭐ 4.2 / 5,3 Colors,Size: XXL,Gender: Unisex,2025-11-20T09:07:08.350723
Pants 106,Price Unavailable,Rating: Not Rated,8 Colors,Size: S,Gender: Men,2025-11-20T09:07:08.350723
Outerwear 107,$414.07,Rating: ⭐ 4.0 / 5,3 Colors,Size: M,Gender: Women,2025-11-20T09:07:08.350723
Jacket 108,$346.98,Rating: ⭐ 4.8 / 5,3 Colors,Size: L,Gender: Unisex,2025-11-20T09:07:08.350723
Crewneck 109,$367.93,Rating: ⭐ 3.3 / 5,3 Colors,Size: XL,Gender: Men,2025-11-20T09:07:08.350723
T-shirt 110,$449.82,Rating: ⭐ 4.6 / 5,3 Colors,Size: XXL,Gender: Women,2025-11-20T09:07:08.350723
Unknown Product,$100.00,Rating: ⭐ Invalid Rating / 5,5 Colors,Size: M,Gender: Men,2025-11-20T09:07:08.350723
Pants 112,$266.37,Rating: ⭐ 3.3 / 5,3 Colors,Size: M,Gender: Men,2025-11-20T09:07:08.350723
Outerwear 113,$279.50,Rating: ⭐ 3.7 / 5,3 Colors,Size: L,Gender: Women,2025-11-20T09:07:08.350723
Jacket 114,$336.66,Rating: ⭐ 4.9 / 5,3 Colors,Size: XL,Gender: Unisex,2025-11-20T09:07:08.350723
Crewneck 115,$120.83,Rating: ⭐ 4.5 / 5,3 Colors,Size: XXL,Gender: Men,2025-11-20T09:07:08.350723
T-shirt 116,$217.16,Rating: ⭐ 3.0 / 5,3 Colors,Size: S,Gender: Women,2025-11-20T09:07:08.350723
Hoodie 117,$211.02,Rating: ⭐ 5.0 / 5,3 Colors,Size: M,Gender: Unisex,2025-11-20T09:07:08.350723
Pants 118,$349.09,Rating: ⭐ 3.2 / 5,3 Colors,Size: L,Gender: Men,2025-11-20T09:07:08.350723
Outerwear 119,$222.61,Rating: ⭐ 3.4 / 5,3 Colors,Size: XL,Gender: Women,2025-11-20T09:07:08.350723
Jacket 120,$467.52,Rating: ⭐ 4.0 / 5,3 Colors,Size: XXL,Gender: Unisex,2025-11-20T09:07:08.350723
Unknown Product,$100.00,Rating: ⭐ Invalid Rating / 5,5 Colors,Size: M,Gender: Men,2025-11-20T09:07:09.542985
T-shirt 122,$122.62,Rating: ⭐ 3.6 / 5,3 Colors,Size: M,Gender: Women,2025-11-20T09:07:09.542985
Hoodie 123,$281.13,Rating: ⭐ 3.8 / 5,3 Colors,Size: L,Gender: Unisex,2025-11-20T09:07:09.542985
Pants 124,$438.97,Rating: ⭐ 3.2 / 5,3 Colors,Size: XL,Gender: Men,2025-11-20T09:07:09.542985
Outerwear 125,$437.39,Rating: ⭐ 4.2 / 5,3 Colors,Size: XXL,Gender: Women,2025-11-20T09:07:09.542985
Jacket 126,$276.63,Rating: ⭐ 3.9 / 5,3 Colors,Size: S,Gender: Unisex,2025-11-20T09:07:09.542985
Crewneck 127,$519.48,Rating: ⭐ 4.0 / 5,3 Colors,Size: M,Gender: Men,2025-11-20T09:07:09.542985
T-shirt 128,$279.17,Rating: ⭐ 3.8 / 5,3 Colors,Size: L,Gender: Women,2025-11-20T09:07:09.542985
Hoodie 129,$158.28,Rating: ⭐ 4.5 / 5,3 Colors,Size: XL,Gender: Unisex,2025-11-20T09:07:09.542985
Pants 130,$412.72,Rating: ⭐ 4.8 / 5,3 Colors,Size: XXL,Gender: Men,2025-11-20T09:07:09.542985
Unknown Product,$100.00,Rating: ⭐ Invalid Rating / 5,5 Colors,Size: M,Gender: Men,2025-11-20T09:07:09.542985
Jacket 132,$404.68,Rating: ⭐ 4.2 / 5,3 Colors,Size: M,Gender: Unisex,2025-11-20T09:07:09.542985
Crewneck 133,$126.02,Rating: ⭐ 4.7 / 5,3 Colors,Size: L,Gender: Men,2025-11-20T09:07:09.542985
T-shirt 134,$371.09,Rating: ⭐ 3.2 / 5,3 Colors,Size: XL,Gender: Women,2025-11-20T09:07:09.542985
Hoodie 135,$321.34,Rating: ⭐ 4.7 / 5,3 Colors,Size: XXL,Gender: Unisex,2025-11-20T09:07:09.542985
Pants 136,Price Unavailable,Rating: Not Rated,8 Colors,Size: S,Gender: Men,2025-11-20T09:07:09.542985
Outerwear 137,$436.77,Rating: ⭐ 4.5 / 5,3 Colors,Size: M,Gender: Women,2025-11-20T09:07:09.542985
Jacket 138,$289.72,Rating: ⭐ 3.4 / 5,3 Colors,Size: L,Gender: Unisex,2025-11-20T09:07:09.542985
Crewneck 139,$503.32,Rating: ⭐ 4.5 / 5,3 Colors,Size: XL,Gender: Men,2025-11-20T09:07:09.558898
T-shirt 140,$425.69,Rating: ⭐ 3.5 / 5,3 Colors,Size: XXL,Gender: Women,2025-11-20T09:07:09.558898
Unknown Product,$100.00,Rating: ⭐ Invalid Rating / 5,5 Colors,Size: M,Gender: Men,2025-11-20T09:07:10.799295
Pants 142,$145.33,Rating: ⭐ 4.9 / 5,3 Colors,Size: M,Gender: Men,2025-11-20T09:07:10.799295
Outerwear 143,$209.16,Rating: ⭐ 4.9 / 5,3 Colors,Size: L,Gender: Women,2025-11-20T09:07:10.799295
Jacket 144,$359.89,Rating: ⭐ 4.3 / 5,3 Colors,Size: XL,Gender: Unisex,2025-11-20T09:07:10.799295
Crewneck 145,$217.05,Rating: ⭐ 4.8 / 5,3 Colors,Size: XXL,Gender: Men,2025-11-20T09:07:10.799295
T-shirt 146,$480.54,Rating: ⭐ 4.3 / 5,3 Colors,Size: S,Gender: Women,2025-11-20T09:07:10.799295
Hoodie 147,$190.80,Rating: ⭐ 5.0 / 5,3 Colors,Size: M,Gender: Unisex,2025-11-20T09:07:10.799295
Pants 148,$377.09,Rating: ⭐ 4.7 / 5,3 Colors,Size: L,Gender: Men,2025-11-20T09:07:10.799295
Outerwear 149,$194.12,Rating: ⭐ 3.2 / 5,3 Colors,Size: XL,Gender: Women,2025-11-20T09:07:10.799295
Jacket 150,$93.79,Rating: ⭐ 3.6 / 5,3 Colors,Size: XXL,Gender: Unisex,2025-11-20T09:07:10.799295
Unknown Product,$100.00,Rating: ⭐ Invalid Rating / 5,5 Colors,Size: M,Gender: Men,2025-11-20T09:07:10.799295
T-shirt 152,$393.04,Rating: ⭐ 4.2 / 5,3 Colors,Size: M,Gender: Women,2025-11-20T09:07:10.799295
Hoodie 153,$166.29,Rating: ⭐ 4.3 / 5,3 Colors,Size: L,Gender: Unisex,2025-11-20T09:07:10.799295
Pants 154,$146.09,Rating: ⭐ 3.0 / 5,3 Colors,Size: XL,Gender: Men,2025-11-20T09:07:10.799295
Outerwear 155,$236.45,Rating: ⭐ 4.1 / 5,3 Colors,Size: XXL,Gender: Women,2025-11-20T09:07:10.799295
Jacket 156,$415.32,Rating: ⭐ 3.6 / 5,3 Colors,Size: S,Gender: Unisex,2025-11-20T09:07:10.799295
Crewneck 157,$69.11,Rating: ⭐ 4.0 / 5,3 Colors,Size: M,Gender: Men,2025-11-20T09:07:10.799295
T-shirt 158,$457.57,Rating: ⭐ 4.0 / 5,3 Colors,Size: L,Gender: Women,2025-11-20T09:07:10.799295
Hoodie 159,$148.23,Rating: ⭐ 4.9 / 5,3 Colors,Size: XL,Gender: Unisex,2025-11-20T09:07:10.799295
Pants 160,$175.18,Rating: ⭐ 3.4 / 5,3 Colors,Size: XXL,Gender: Men,2025-11-20T09:07:10.799295
Unknown Product,$100.00,Rating: ⭐ Invalid Rating / 5,5 Colors,Size: M,Gender: Men,2025-11-20T09:07:12.017565
Jacket 162,$96.49,Rating: ⭐ 4.5 / 5,3 Colors,Size: M,Gender: Unisex,2025-11-20T09:07:12.017565
Crewneck 163,$491.37,Rating: ⭐ 4.4 / 5,3 Colors,Size: L,Gender: Men,2025-11-20T09:07:12.017565
T-shirt 164,$219.50,Rating: ⭐ 3.9 / 5,3 Colors,Size: XL,Gender: Women,2025-11-20T09:07:12.017565
Hoodie 165,$432.58,Rating: ⭐ 4.9 / 5,3 Colors,Size: XXL,Gender: Unisex,2025-11-20T09:07:12.017565
Pants 166,Price Unavailable,Rating: Not Rated,8 Colors,Size: S,Gender: Men,2025-11-20T09:07:12.017565
Outerwear 167,$204.61,Rating: ⭐ 3.1 / 5,3 Colors,Size: M,Gender: Women,2025-11-20T09:07:12.019579
Jacket 168,$54.40,Rating: ⭐ 4.4 / 5,3 Colors,Size: L,Gender: Unisex,2025-11-20T09:07:12.019579
Crewneck 169,$502.05,Rating: ⭐ 4.7 / 5,3 Colors,Size: XL,Gender: Men,2025-11-20T09:07:12.019579
T-shirt 170,$417.37,Rating: ⭐ 4.5 / 5,3 Colors,Size: XXL,Gender: Women,2025-11-20T09:07:12.019579
Unknown Product,$100.00,Rating: ⭐ Invalid Rating / 5,5 Colors,Size: M,Gender: Men,2025-11-20T09:07:12.019579
Pants 172,$97.88,Rating: ⭐ 4.9 / 5,3 Colors,Size: M,Gender: Men,2025-11-20T09:07:12.019579
Outerwear 173,$439.66,Rating: ⭐ 4.6 / 5,3 Colors,Size: L,Gender: Women,2025-11-20T09:07:12.019579
Jacket 174,$392.64,Rating: ⭐ 3.3 / 5,3 Colors,Size: XL,Gender: Unisex,2025-11-20T09:07:12.019579
Crewneck 175,$507.82,Rating: ⭐ 4.5 / 5,3 Colors,Size: XXL,Gender: Men,2025-11-20T09:07:12.019579
T-shirt 176,$381.52,Rating: ⭐ 3.6 / 5,3 Colors,Size: S,Gender: Women,2025-11-20T09:07:12.019579
Hoodie 177,$118.15,Rating: ⭐ 4.6 / 5,3 Colors,Size: M,Gender: Unisex,2025-11-20T09:07:12.019579
Pants 178,$386.51,Rating: ⭐ 3.0 / 5,3 Colors,Size: L,Gender: Men,2025-11-20T09:07:12.019579
Outerwear 179,$363.54,Rating: ⭐ 3.5 / 5,3 Colors,Size: XL,Gender: Women,2025-11-20T09:07:12.019579
Jacket 180,$347.04,Rating: ⭐ 3.9 / 5,3 Colors,Size: XXL,Gender: Unisex,2025-11-20T09:07:12.019579
Unknown Product,$100.00,Rating: ⭐ Invalid Rating / 5,5 Colors,Size: M,Gender: Men,2025-11-20T09:07:13.211746
T-shirt 182,$145.93,Rating: ⭐ 3.8 / 5,3 Colors,Size: M,Gender: Women,2025-11-20T09:07:13.211746
Hoodie 183,$244.04,Rating: ⭐ 3.6 / 5,3 Colors,Size: L,Gender: Unisex,2025-11-20T09:07:13.211746
Pants 184,$484.97,Rating: ⭐ 4.5 / 5,3 Colors,Size: XL,Gender: Men,2025-11-20T09:07:13.211746
Outerwear 185,$488.93,Rating: ⭐ 3.2 / 5,3 Colors,Size: XXL,Gender: Women,2025-11-20T09:07:13.211746
Jacket 186,$433.78,Rating: ⭐ 4.2 / 5,3 Colors,Size: S,Gender: Unisex,2025-11-20T09:07:13.211746
Crewneck 187,$416.47,Rating: ⭐ 3.8 / 5,3 Colors,Size: M,Gender: Men,2025-11-20T09:07:13.211746
T-shirt 188,$245.49,Rating: ⭐ 4.4 / 5,3 Colors,Size: L,Gender: Women,2025-11-20T09:07:13.211746
Hoodie 189,$121.67,Rating: ⭐ 4.0 / 5,3 Colors,Size: XL,Gender: Unisex,2025-11-20T09:07:13.211746
Pants 190,$138.81,Rating: ⭐ 4.5 / 5,3 Colors,Size: XXL,Gender: Men,2025-11-20T09:07:13.211746
Unknown Product,$100.00,Rating: ⭐ Invalid Rating / 5,5 Colors,Size: M,Gender: Men,2025-11-20T09:07:13.211746
Jacket 192,$316.64,Rating: ⭐ 3.8 / 5,3 Colors,Size: M,Gender: Unisex,2025-11-20T09:07:13.211746
Crewneck 193,$459.73,Rating: ⭐ 4.1 / 5,3 Colors,Size: L,Gender: Men,2025-11-20T09:07:13.211746
T-shirt 194,$176.17,Rating: ⭐ 4.9 / 5,3 Colors,Size: XL,Gender: Women,2025-11-20T09:07:13.211746
Hoodie 195,$450.56,Rating: ⭐ 4.9 / 5,3 Colors,Size: XXL,Gender: Unisex,2025-11-20T09:07:13.211746
Pants 196,Price Unavailable,Rating: Not Rated,8 Colors,Size: S,Gender: Men,2025-11-20T09:07:13.211746
Outerwear 197,$355.10,Rating: ⭐ 4.9 / 5,3 Colors,Size: M,Gender: Women,2025-11-20T09:07:13.211746
Jacket 198,$339.69,Rating: ⭐ 4.5 / 5,3 Colors,Size: L,Gender: Unisex,2025-11-20T09:07:13.211746
Crewneck 199,$421.52,Rating: ⭐ 3.1 / 5,3 Colors,Size: XL,Gender: Men,2025-11-20T09:07:13.211746
T-shirt 200,$393.12,Rating: ⭐ 3.5 / 5,3 Colors,Size: XXL,Gender: Women,2025-11-20T09:07:13.211746
Unknown Product,$100.00,Rating: ⭐ Invalid Rating / 5,5 Colors,Size: M,Gender: Men,2025-11-20T09:07:14.366979
Pants 202,$349.53,Rating: ⭐ 3.3 / 5,3 Colors,Size: M,Gender: Men,2025-11-20T09:07:14.366979
Outerwear 203,$134.00,Rating: ⭐ 3.4 / 5,3 Colors,Size: L,Gender: Women,2025-11-20T09:07:14.366979
Jacket 204,$376.94,Rating: ⭐ 3.9 / 5,3 Colors,Size: XL,Gender: Unisex,2025-11-20T09:07:14.366979
Crewneck 205,$402.18,Rating: ⭐ 3.2 / 5,3 Colors,Size: XXL,Gender: Men,2025-11-20T09:07:14.366979
T-shirt 206,$292.17,Rating: ⭐ 4.5 / 5,3 Colors,Size: S,Gender: Women,2025-11-20T09:07:14.366979
Hoodie 207,$381.34,Rating: ⭐ 3.5 / 5,3 Colors,Size: M,Gender: Unisex,2025-11-20T09:07:14.366979
Pants 208,$289.85,Rating: ⭐ 3.1 / 5,3 Colors,Size: L,Gender: Men,2025-11-20T09:07:14.366979
Outerwear 209,$498.79,Rating: ⭐ 4.3 / 5,3 Colors,Size: XL,Gender: Women,2025-11-20T09:07:14.366979
Jacket 210,$489.21,Rating: ⭐ 4.7 / 5,3 Colors,Size: XXL,Gender: Unisex,2025-11-20T09:07:14.366979
Unknown Product,$100.00,Rating: ⭐ Invalid Rating / 5,5 Colors,Size: M,Gender: Men,2025-11-20T09:07:14.366979
T-shirt 212,$549.68,Rating: ⭐ 4.7 / 5,3 Colors,Size: M,Gender: Women,2025-11-20T09:07:14.366979
Hoodie 213,$359.25,Rating: ⭐ 3.6 / 5,3 Colors,Size: L,Gender: Unisex,2025-11-20T09:07:14.366979
Pants 214,$269.73,Rating: ⭐ 4.9 / 5,3 Colors,Size: XL,Gender: Men,2025-11-20T09:07:14.366979
Outerwear 215,$90.60,Rating: ⭐ 3.8 / 5,3 Colors,Size: XXL,Gender: Women,2025-11-20T09:07:14.366979
Jacket 216,$286.03,Rating: ⭐ 4.6 / 5,3 Colors,Size: S,Gender: Unisex,2025-11-20T09:07:14.366979
Crewneck 217,$360.81,Rating: ⭐ 4.8 / 5,3 Colors,Size: M,Gender: Men,2025-11-20T09:07:14.366979
T-shirt 218,$350.02,Rating: ⭐ 3.1 / 5,3 Colors,Size: L,Gender: Women,2025-11-20T09:07:14.366979
Hoodie 219,$354.44,Rating: ⭐ 4.6 / 5,3 Colors,Size: XL,Gender: Unisex,2025-11-20T09:07:14.366979
Pants 220,$209.85,Rating: ⭐ 3.2 / 5,3 Colors,Size: XXL,Gender: Men,2025-11-20T09:07:14.366979
Unknown Product,$100.00,Rating: ⭐ Invalid Rating / 5,5 Colors,Size: M,Gender: Men,2025-11-20T09:07:15.571351
Jacket 222,$464.88,Rating: ⭐ 3.4 / 5,3 Colors,Size: M,Gender: Unisex,2025-11-20T09:07:15.571351
Crewneck 223,$59.56,Rating: ⭐ 4.8 / 5,3 Colors,Size: L,Gender: Men,2025-11-20T09:07:15.571351
T-shirt 224,$220.91,Rating: ⭐ 4.5 / 5,3 Colors,Size: XL,Gender: Women,2025-11-20T09:07:15.571351
Hoodie 225,$327.05,Rating: ⭐ 3.5 / 5,3 Colors,Size: XXL,Gender: Unisex,2025-11-20T09:07:15.571351
Pants 226,Price Unavailable,Rating: Not Rated,8 Colors,Size: S,Gender: Men,2025-11-20T09:07:15.571351
Outerwear 227,$421.41,Rating: ⭐ 4.8 / 5,3 Colors,Size: M,Gender: Women,2025-11-20T09:07:15.571351
Jacket 228,$504.80,Rating: ⭐ 4.5 / 5,3 Colors,Size: L,Gender: Unisex,2025-11-20T09:07:15.571351
Crewneck 229,$193.87,Rating: ⭐ 4.9 / 5,3 Colors,Size: XL,Gender: Men,2025-11-20T09:07:15.571351
T-shirt 230,$445.83,Rating: ⭐ 4.5 / 5,3 Colors,Size: XXL,Gender: Women,2025-11-20T09:07:15.571351
Unknown Product,$100.00,Rating: ⭐ Invalid Rating / 5,5 Colors,Size: M,Gender: Men,2025-11-20T09:07:15.571351
Pants 232,$520.46,Rating: ⭐ 4.0 / 5,3 Colors,Size: M,Gender: Men,2025-11-20T09:07:15.571351
Outerwear 233,$52.96,Rating: ⭐ 4.8 / 5,3 Colors,Size: L,Gender: Women,2025-11-20T09:07:15.571351
Jacket 234,$72.45,Rating: ⭐ 4.5 / 5,3 Colors,Size: XL,Gender: Unisex,2025-11-20T09:07:15.571351
Crewneck 235,$410.02,Rating: ⭐ 3.4 / 5,3 Colors,Size: XXL,Gender: Men,2025-11-20T09:07:15.571351
T-shirt 236,$343.27,Rating: ⭐ 3.9 / 5,3 Colors,Size: S,Gender: Women,2025-11-20T09:07:15.571351
Hoodie 237,$296.47,Rating: ⭐ 3.1 / 5,3 Colors,Size: M,Gender: Unisex,2025-11-20T09:07:15.571351
Pants 238,$518.87,Rating: ⭐ 3.8 / 5,3 Colors,Size: L,Gender: Men,2025-11-20T09:07:15.571351
Outerwear 239,$495.88,Rating: ⭐ 3.1 / 5,3 Colors,Size: XL,Gender: Women,2025-11-20T09:07:15.571351
Jacket 240,$475.00,Rating: ⭐ 3.8 / 5,3 Colors,Size: XXL,Gender: Unisex,2025-11-20T09:07:15.571351
Unknown Product,$100.00,Rating: ⭐ Invalid Rating / 5,5 Colors,Size: M,Gender: Men,2025-11-20T09:07:16.776310
T-shirt 242,$302.10,Rating: ⭐ 3.4 / 5,3 Colors,Size: M,Gender: Women,2025-11-20T09:07:16.776310
Hoodie 243,$210.73,Rating: ⭐ 3.1 / 5,3 Colors,Size: L,Gender: Unisex,2025-11-20T09:07:16.776310
Pants 244,$507.26,Rating: ⭐ 3.1 / 5,3 Colors,Size: XL,Gender: Men,2025-11-20T09:07:16.776310
Outerwear 245,$90.73,Rating: ⭐ 4.0 / 5,3 Colors,Size: XXL,Gender: Women,2025-11-20T09:07:16.776310
Jacket 246,$545.94,Rating: ⭐ 3.1 / 5,3 Colors,Size: S,Gender: Unisex,2025-11-20T09:07:16.776310
Crewneck 247,$548.07,Rating: ⭐ 3.0 / 5,3 Colors,Size: M,Gender: Men,2025-11-20T09:07:16.776310
T-shirt 248,$142.50,Rating: ⭐ 4.5 / 5,3 Colors,Size: L,Gender: Women,2025-11-20T09:07:16.776310
Hoodie 249,$134.34,Rating: ⭐ 4.2 / 5,3 Colors,Size: XL,Gender: Unisex,2025-11-20T09:07:16.776310
Pants 250,$269.64,Rating: ⭐ 3.1 / 5,3 Colors,Size: XXL,Gender: Men,2025-11-20T09:07:16.776310
Unknown Product,$100.00,Rating: ⭐ Invalid Rating / 5,5 Colors,Size: M,Gender: Men,2025-11-20T09:07:16.776310
Jacket 252,$525.53,Rating: ⭐ 3.2 / 5,3 Colors,Size: M,Gender: Unisex,2025-11-20T09:07:16.776310
Crewneck 253,$115.92,Rating: ⭐ 3.9 / 5,3 Colors,Size: L,Gender: Men,2025-11-20T09:07:16.776310
T-shirt 254,$374.01,Rating: ⭐ 3.9 / 5,3 Colors,Size: XL,Gender: Women,2025-11-20T09:07:16.776310
Hoodie 255,$229.25,Rating: ⭐ 4.1 / 5,3 Colors,Size: XXL,Gender: Unisex,2025-11-20T09:07:16.776310
Pants 256,Price Unavailable,Rating: Not Rated,8 Colors,Size: S,Gender: Men,2025-11-20T09:07:16.776310
Outerwear 257,$442.07,Rating: ⭐ 5.0 / 5,3 Colors,Size: M,Gender: Women,2025-11-20T09:07:16.776310
Jacket 258,$130.04,Rating: ⭐ 4.7 / 5,3 Colors,Size: L,Gender: Unisex,2025-11-20T09:07:16.776310
Crewneck 259,$142.22,Rating: ⭐ 3.3 / 5,3 Colors,Size: XL,Gender: Men,2025-11-20T09:07:16.776310
T-shirt 260,$391.97,Rating: ⭐ 3.5 / 5,3 Colors,Size: XXL,Gender: Women,2025-11-20T09:07:16.776310
Unknown Product,$100.00,Rating: ⭐ Invalid Rating / 5,5 Colors,Size: M,Gender: Men,2025-11-20T09:07:17.969894
Pants 262,$68.61,Rating: ⭐ 3.4 / 5,3 Colors,Size: M,Gender: Men,2025-11-20T09:07:17.969894
Outerwear 263,$117.40,Rating: ⭐ 4.2 / 5,3 Colors,Size: L,Gender: Women,2025-11-20T09:07:17.969894
Jacket 264,$128.94,Rating: ⭐ 4.8 / 5,3 Colors,Size: XL,Gender: Unisex,2025-11-20T09:07:17.969894
Crewneck 265,$155.19,Rating: ⭐ 3.5 / 5,3 Colors,Size: XXL,Gender: Men,2025-11-20T09:07:17.969894
T-shirt 266,$302.63,Rating: ⭐ 4.6 / 5,3 Colors,Size: S,Gender: Women,2025-11-20T09:07:17.969894
Hoodie 267,$255.39,Rating: ⭐ 4.3 / 5,3 Colors,Size: M,Gender: Unisex,2025-11-20T09:07:17.969894
Pants 268,$312.82,Rating: ⭐ 3.6 / 5,3 Colors,Size: L,Gender: Men,2025-11-20T09:07:17.969894
Outerwear 269,$504.62,Rating: ⭐ 3.1 / 5,3 Colors,Size: XL,Gender: Women,2025-11-20T09:07:17.969894
Jacket 270,$160.57,Rating: ⭐ 4.2 / 5,3 Colors,Size: XXL,Gender: Unisex,2025-11-20T09:07:17.969894
Unknown Product,$100.00,Rating: ⭐ Invalid Rating / 5,5 Colors,Size: M,Gender: Men,2025-11-20T09:07:17.969894
T-shirt 272,$363.24,Rating: ⭐ 3.3 / 5,3 Colors,Size: M,Gender: Women,2025-11-20T09:07:17.969894
Hoodie 273,$330.71,Rating: ⭐ 4.9 / 5,3 Colors,Size: L,Gender: Unisex,2025-11-20T09:07:17.969894
Pants 274,$229.33,Rating: ⭐ 4.2 / 5,3 Colors,Size: XL,Gender: Men,2025-11-20T09:07:17.969894
Outerwear 275,$348.46,Rating: ⭐ 4.8 / 5,3 Colors,Size: XXL,Gender: Women,2025-11-20T09:07:17.969894
Jacket 276,$63.35,Rating: ⭐ 4.3 / 5,3 Colors,Size: S,Gender: Unisex,2025-11-20T09:07:17.969894
Crewneck 277,$148.98,Rating: ⭐ 4.7 / 5,3 Colors,Size: M,Gender: Men,2025-11-20T09:07:17.969894
T-shirt 278,$130.46,Rating: ⭐ 3.8 / 5,3 Colors,Size: L,Gender: Women,2025-11-20T09:07:17.969894
Hoodie 279,$349.52,Rating: ⭐ 4.7 / 5,3 Colors,Size: XL,Gender: Unisex,2025-11-20T09:07:17.969894
Pants 280,$468.84,Rating: ⭐ 3.9 / 5,3 Colors,Size: XXL,Gender: Men,2025-11-20T09:07:17.969894
Unknown Product,$100.00,Rating: ⭐ Invalid Rating / 5,5 Colors,Size: M,Gender: Men,2025-11-20T09:07:19.189853
Jacket 282,$139.19,Rating: ⭐ 3.0 / 5,3 Colors,Size: M,Gender: Unisex,2025-11-20T09:07:19.189853
Crewneck 283,$414.57,Rating: ⭐ 3.2 / 5,3 Colors,Size: L,Gender: Men,2025-11-20T09:07:19.189853
T-shirt 284,$410.50,Rating: ⭐ 3.6 / 5,3 Colors,Size: XL,Gender: Women,2025-11-20T09:07:19.189853
Hoodie 285,$188.07,Rating: ⭐ 3.2 / 5,3 Colors,Size: XXL,Gender: Unisex,2025-11-20T09:07:19.189853
Pants 286,Price Unavailable,Rating: Not Rated,8 Colors,Size: S,Gender: Men,2025-11-20T09:07:19.189853
Outerwear 287,$329.60,Rating: ⭐ 3.7 / 5,3 Colors,Size: M,Gender: Women,2025-11-20T09:07:19.191923
Jacket 288,$195.19,Rating: ⭐ 4.1 / 5,3 Colors,Size: L,Gender: Unisex,2025-11-20T09:07:19.191923
Crewneck 289,$55.50,Rating: ⭐ 4.0 / 5,3 Colors,Size: XL,Gender: Men,2025-11-20T09:07:19.191923
T-shirt 290,$401.57,Rating: ⭐ 4.2 / 5,3 Colors,Size: XXL,Gender: Women,2025-11-20T09:07:19.191923
Unknown Product,$100.00,Rating: ⭐ Invalid Rating / 5,5 Colors,Size: M,Gender: Men,2025-11-20T09:07:19.191923
Pants 292,$149.03,Rating: ⭐ 3.9 / 5,3 Colors,Size: M,Gender: Men,2025-11-20T09:07:19.191923
Outerwear 293,$73.51,Rating: ⭐ 4.5 / 5,3 Colors,Size: L,Gender: Women,2025-11-20T09:07:19.191923
Jacket 294,$371.70,Rating: ⭐ 3.8 / 5,3 Colors,Size: XL,Gender: Unisex,2025-11-20T09:07:19.191923
Crewneck 295,$454.17,Rating: ⭐ 4.9 / 5,3 Colors,Size: XXL,Gender: Men,2025-11-20T09:07:19.191923
T-shirt 296,$73.26,Rating: ⭐ 3.1 / 5,3 Colors,Size: S,Gender: Women,2025-11-20T09:07:19.191923
Hoodie 297,$487.57,Rating: ⭐ 3.6 / 5,3 Colors,Size: M,Gender: Unisex,2025-11-20T09:07:19.191923
Pants 298,$151.63,Rating: ⭐ 4.8 / 5,3 Colors,Size: L,Gender: Men,2025-11-20T09:07:19.191923
Outerwear 299,$121.74,Rating: ⭐ 4.3 / 5,3 Colors,Size: XL,Gender: Women,2025-11-20T09:07:19.191923
Jacket 300,$400.53,Rating: ⭐ 4.0 / 5,3 Colors,Size: XXL,Gender: Unisex,2025-11-20T09:07:19.191923
Unknown Product,$100.00,Rating: ⭐ Invalid Rating / 5,5 Colors,Size: M,Gender: Men,2025-11-20T09:07:20.389260
T-shirt 302,$356.95,Rating: ⭐ 3.2 / 5,3 Colors,Size: M,Gender: Women,2025-11-20T09:07:20.389260
Hoodie 303,$498.41,Rating: ⭐ 4.1 / 5,3 Colors,Size: L,Gender: Unisex,2025-11-20T09:07:20.389260
Pants 304,$445.61,Rating: ⭐ 3.4 / 5,3 Colors,Size: XL,Gender: Men,2025-11-20T09:07:20.389260
Outerwear 305,$395.34,Rating: ⭐ 4.5 / 5,3 Colors,Size: XXL,Gender: Women,2025-11-20T09:07:20.389260
Jacket 306,$473.44,Rating: ⭐ 4.2 / 5,3 Colors,Size: S,Gender: Unisex,2025-11-20T09:07:20.389260
Crewneck 307,$483.45,Rating: ⭐ 3.7 / 5,3 Colors,Size: M,Gender: Men,2025-11-20T09:07:20.389260
T-shirt 308,$255.38,Rating: ⭐ 4.1 / 5,3 Colors,Size: L,Gender: Women,2025-11-20T09:07:20.389260
Hoodie 309,$247.07,Rating: ⭐ 4.8 / 5,3 Colors,Size: XL,Gender: Unisex,2025-11-20T09:07:20.389260
Pants 310,$395.58,Rating: ⭐ 4.7 / 5,3 Colors,Size: XXL,Gender: Men,2025-11-20T09:07:20.389260
Unknown Product,$100.00,Rating: ⭐ Invalid Rating / 5,5 Colors,Size: M,Gender: Men,2025-11-20T09:07:20.389260
Jacket 312,$454.19,Rating: ⭐ 3.8 / 5,3 Colors,Size: M,Gender: Unisex,2025-11-20T09:07:20.389260
Crewneck 313,$121.77,Rating: ⭐ 3.1 / 5,3 Colors,Size: L,Gender: Men,2025-11-20T09:07:20.389260
T-shirt 314,$376.07,Rating: ⭐ 3.2 / 5,3 Colors,Size: XL,Gender: Women,2025-11-20T09:07:20.389260
Hoodie 315,$438.93,Rating: ⭐ 3.1 / 5,3 Colors,Size: XXL,Gender: Unisex,2025-11-20T09:07:20.391268
Pants 316,Price Unavailable,Rating: Not Rated,8 Colors,Size: S,Gender: Men,2025-11-20T09:07:20.391268
Outerwear 317,$328.69,Rating: ⭐ 3.3 / 5,3 Colors,Size: M,Gender: Women,2025-11-20T09:07:20.391268
Jacket 318,$354.20,Rating: ⭐ 3.7 / 5,3 Colors,Size: L,Gender: Unisex,2025-11-20T09:07:20.391268
Crewneck 319,$192.87,Rating: ⭐ 3.3 / 5,3 Colors,Size: XL,Gender: Men,2025-11-20T09:07:20.391268
T-shirt 320,$51.84,Rating: ⭐ 3.3 / 5,3 Colors,Size: XXL,Gender: Women,2025-11-20T09:07:20.391268
Unknown Product,$100.00,Rating: ⭐ Invalid Rating / 5,5 Colors,Size: M,Gender: Men,2025-11-20T09:07:22.537187
Pants 322,$488.15,Rating: ⭐ 3.2 / 5,3 Colors,Size: M,Gender: Men,2025-11-20T09:07:22.537187
Outerwear 323,$529.25,Rating: ⭐ 3.1 / 5,3 Colors,Size: L,Gender: Women,2025-11-20T09:07:22.537187
Jacket 324,$380.17,Rating: ⭐ 3.3 / 5,3 Colors,Size: XL,Gender: Unisex,2025-11-20T09:07:22.537187
Crewneck 325,$187.61,Rating: ⭐ 3.4 / 5,3 Colors,Size: XXL,Gender: Men,2025-11-20T09:07:22.537187
T-shirt 326,$282.46,Rating: ⭐ 4.9 / 5,3 Colors,Size: S,Gender: Women,2025-11-20T09:07:22.537187
Hoodie 327,$415.09,Rating: ⭐ 4.4 / 5,3 Colors,Size: M,Gender: Unisex,2025-11-20T09:07:22.537187
Pants 328,$358.31,Rating: ⭐ 4.5 / 5,3 Colors,Size: L,Gender: Men,2025-11-20T09:07:22.537187
Outerwear 329,$420.26,Rating: ⭐ 4.7 / 5,3 Colors,Size: XL,Gender: Women,2025-11-20T09:07:22.537187
Jacket 330,$99.45,Rating: ⭐ 4.3 / 5,3 Colors,Size: XXL,Gender: Unisex,2025-11-20T09:07:22.537187
Unknown Product,$100.00,Rating: ⭐ Invalid Rating / 5,5 Colors,Size: M,Gender: Men,2025-11-20T09:07:22.537187
T-shirt 332,$145.98,Rating: ⭐ 3.4 / 5,3 Colors,Size: M,Gender: Women,2025-11-20T09:07:22.537187
Hoodie 333,$109.13,Rating: ⭐ 4.8 / 5,3 Colors,Size: L,Gender: Unisex,2025-11-20T09:07:22.537187
Pants 334,$150.59,Rating: ⭐ 3.8 / 5,3 Colors,Size: XL,Gender: Men,2025-11-20T09:07:22.537187
Outerwear 335,$176.67,Rating: ⭐ 3.0 / 5,3 Colors,Size: XXL,Gender: Women,2025-11-20T09:07:22.549064
Jacket 336,$389.86,Rating: ⭐ 5.0 / 5,3 Colors,Size: S,Gender: Unisex,2025-11-20T09:07:22.549064
Crewneck 337,$538.05,Rating: ⭐ 4.3 / 5,3 Colors,Size: M,Gender: Men,2025-11-20T09:07:22.549064
T-shirt 338,$180.21,Rating: ⭐ 3.9 / 5,3 Colors,Size: L,Gender: Women,2025-11-20T09:07:22.549064
Hoodie 339,$276.55,Rating: ⭐ 4.9 / 5,3 Colors,Size: XL,Gender: Unisex,2025-11-20T09:07:22.549064
Pants 340,$373.45,Rating: ⭐ 4.3 / 5,3 Colors,Size: XXL,Gender: Men,2025-11-20T09:07:22.549064
Unknown Product,$100.00,Rating: ⭐ Invalid Rating / 5,5 Colors,Size: M,Gender: Men,2025-11-20T09:07:23.775451
Jacket 342,$114.23,Rating: ⭐ 4.8 / 5,3 Colors,Size: M,Gender: Unisex,2025-11-20T09:07:23.775451
Crewneck 343,$142.44,Rating: ⭐ 4.1 / 5,3 Colors,Size: L,Gender: Men,2025-11-20T09:07:23.775451
T-shirt 344,$213.48,Rating: ⭐ 4.5 / 5,3 Colors,Size: XL,Gender: Women,2025-11-20T09:07:23.775451
Hoodie 345,$473.59,Rating: ⭐ 3.3 / 5,3 Colors,Size: XXL,Gender: Unisex,2025-11-20T09:07:23.775451
Pants 346,Price Unavailable,Rating: Not Rated,8 Colors,Size: S,Gender: Men,2025-11-20T09:07:23.775451
Outerwear 347,$436.63,Rating: ⭐ 4.7 / 5,3 Colors,Size: M,Gender: Women,2025-11-20T09:07:23.775451
Jacket 348,$199.69,Rating: ⭐ 4.6 / 5,3 Colors,Size: L,Gender: Unisex,2025-11-20T09:07:23.775451
Crewneck 349,$380.35,Rating: ⭐ 3.5 / 5,3 Colors,Size: XL,Gender: Men,2025-11-20T09:07:23.775451
T-shirt 350,$502.98,Rating: ⭐ 5.0 / 5,3 Colors,Size: XXL,Gender: Women,2025-11-20T09:07:23.775451
Unknown Product,$100.00,Rating: ⭐ Invalid Rating / 5,5 Colors,Size: M,Gender: Men,2025-11-20T09:07:23.775451
Pants 352,$177.43,Rating: ⭐ 4.0 / 5,3 Colors,Size: M,Gender: Men,2025-11-20T09:07:23.775451
Outerwear 353,$60.10,Rating: ⭐ 3.6 / 5,3 Colors,Size: L,Gender: Women,2025-11-20T09:07:23.775451
Jacket 354,$143.42,Rating: ⭐ 3.8 / 5,3 Colors,Size: XL,Gender: Unisex,2025-11-20T09:07:23.775451
Crewneck 355,$265.41,Rating: ⭐ 3.2 / 5,3 Colors,Size: XXL,Gender: Men,2025-11-20T09:07:23.775451
T-shirt 356,$446.88,Rating: ⭐ 4.3 / 5,3 Colors,Size: S,Gender: Women,2025-11-20T09:07:23.775451
Hoodie 357,$233.71,Rating: ⭐ 3.6 / 5,3 Colors,Size: M,Gender: Unisex,2025-11-20T09:07:23.775451
Pants 358,$529.97,Rating: ⭐ 3.9 / 5,3 Colors,Size: L,Gender: Men,2025-11-20T09:07:23.775451
Outerwear 359,$106.03,Rating: ⭐ 4.3 / 5,3 Colors,Size: XL,Gender: Women,2025-11-20T09:07:23.775451
Jacket 360,$549.27,Rating: ⭐ 4.8 / 5,3 Colors,Size: XXL,Gender: Unisex,2025-11-20T09:07:23.775451
Unknown Product,$100.00,Rating: ⭐ Invalid Rating / 5,5 Colors,Size: M,Gender: Men,2025-11-20T09:07:24.991407
T-shirt 362,$298.55,Rating: ⭐ 5.0 / 5,3 Colors,Size: M,Gender: Women,2025-11-20T09:07:24.991407
Hoodie 363,$73.21,Rating: ⭐ 3.2 / 5,3 Colors,Size: L,Gender: Unisex,2025-11-20T09:07:24.991407
Pants 364,$310.80,Rating: ⭐ 4.8 / 5,3 Colors,Size: XL,Gender: Men,2025-11-20T09:07:24.991407
Outerwear 365,$434.78,Rating: ⭐ 4.5 / 5,3 Colors,Size: XXL,Gender: Women,2025-11-20T09:07:24.991407
Jacket 366,$365.93,Rating: ⭐ 4.9 / 5,3 Colors,Size: S,Gender: Unisex,2025-11-20T09:07:24.991407
Crewneck 367,$522.46,Rating: ⭐ 4.9 / 5,3 Colors,Size: M,Gender: Men,2025-11-20T09:07:24.991407
T-shirt 368,$60.32,Rating: ⭐ 3.2 / 5,3 Colors,Size: L,Gender: Women,2025-11-20T09:07:24.991407
Hoodie 369,$450.31,Rating: ⭐ 4.7 / 5,3 Colors,Size: XL,Gender: Unisex,2025-11-20T09:07:24.991407
Pants 370,$284.98,Rating: ⭐ 3.6 / 5,3 Colors,Size: XXL,Gender: Men,2025-11-20T09:07:24.991407
Unknown Product,$100.00,Rating: ⭐ Invalid Rating / 5,5 Colors,Size: M,Gender: Men,2025-11-20T09:07:24.991407
Jacket 372,$315.81,Rating: ⭐ 3.6 / 5,3 Colors,Size: M,Gender: Unisex,2025-11-20T09:07:24.991407
Crewneck 373,$139.44,Rating: ⭐ 3.6 / 5,3 Colors,Size: L,Gender: Men,2025-11-20T09:07:24.991407
T-shirt 374,$481.07,Rating: ⭐ 3.9 / 5,3 Colors,Size: XL,Gender: Women,2025-11-20T09:07:24.991407
Hoodie 375,$439.22,Rating: ⭐ 3.9 / 5,3 Colors,Size: XXL,Gender: Unisex,2025-11-20T09:07:24.991407
Pants 376,Price Unavailable,Rating: Not Rated,8 Colors,Size: S,Gender: Men,2025-11-20T09:07:24.991407
Outerwear 377,$425.13,Rating: ⭐ 4.8 / 5,3 Colors,Size: M,Gender: Women,2025-11-20T09:07:24.991407
Jacket 378,$212.65,Rating: ⭐ 3.6 / 5,3 Colors,Size: L,Gender: Unisex,2025-11-20T09:07:24.991407
Crewneck 379,$247.70,Rating: ⭐ 4.4 / 5,3 Colors,Size: XL,Gender: Men,2025-11-20T09:07:24.991407
T-shirt 380,$159.19,Rating: ⭐ 3.8 / 5,3 Colors,Size: XXL,Gender: Women,2025-11-20T09:07:24.991407
Unknown Product,$100.00,Rating: ⭐ Invalid Rating / 5,5 Colors,Size: M,Gender: Men,2025-11-20T09:07:26.537974
Pants 382,$84.76,Rating: ⭐ 4.4 / 5,3 Colors,Size: M,Gender: Men,2025-11-20T09:07:26.537974
Outerwear 383,$214.44,Rating: ⭐ 3.4 / 5,3 Colors,Size: L,Gender: Women,2025-11-20T09:07:26.539981
Jacket 384,$90.81,Rating: ⭐ 3.3 / 5,3 Colors,Size: XL,Gender: Unisex,2025-11-20T09:07:26.539981
Crewneck 385,$496.92,Rating: ⭐ 4.9 / 5,3 Colors,Size: XXL,Gender: Men,2025-11-20T09:07:26.539981
T-shirt 386,$299.60,Rating: ⭐ 4.6 / 5,3 Colors,Size: S,Gender: Women,2025-11-20T09:07:26.539981
Hoodie 387,$526.13,Rating: ⭐ 4.2 / 5,3 Colors,Size: M,Gender: Unisex,2025-11-20T09:07:26.539981
Pants 388,$58.20,Rating: ⭐ 3.1 / 5,3 Colors,Size: L,Gender: Men,2025-11-20T09:07:26.539981
Outerwear 389,$180.20,Rating: ⭐ 5.0 / 5,3 Colors,Size: XL,Gender: Women,2025-11-20T09:07:26.539981
Jacket 390,$339.56,Rating: ⭐ 3.3 / 5,3 Colors,Size: XXL,Gender: Unisex,2025-11-20T09:07:26.539981
Unknown Product,$100.00,Rating: ⭐ Invalid Rating / 5,5 Colors,Size: M,Gender: Men,2025-11-20T09:07:26.539981
T-shirt 392,$76.63,Rating: ⭐ 4.4 / 5,3 Colors,Size: M,Gender: Women,2025-11-20T09:07:26.539981
Hoodie 393,$254.28,Rating: ⭐ 3.2 / 5,3 Colors,Size: L,Gender: Unisex,2025-11-20T09:07:26.539981
Pants 394,$221.25,Rating: ⭐ 3.3 / 5,3 Colors,Size: XL,Gender: Men,2025-11-20T09:07:26.539981
Outerwear 395,$193.67,Rating: ⭐ 4.0 / 5,3 Colors,Size: XXL,Gender: Women,2025-11-20T09:07:26.539981
Jacket 396,$156.58,Rating: ⭐ 3.9 / 5,3 Colors,Size: S,Gender: Unisex,2025-11-20T09:07:26.539981
Crewneck 397,$53.46,Rating: ⭐ 3.6 / 5,3 Colors,Size: M,Gender: Men,2025-11-20T09:07:26.539981
T-shirt 398,$287.05,Rating: ⭐ 4.7 / 5,3 Colors,Size: L,Gender: Women,2025-11-20T09:07:26.541987
Hoodie 399,$157.72,Rating: ⭐ 3.6 / 5,3 Colors,Size: XL,Gender: Unisex,2025-11-20T09:07:26.541987
Pants 400,$376.29,Rating: ⭐ 4.7 / 5,3 Colors,Size: XXL,Gender: Men,2025-11-20T09:07:26.541987
Unknown Product,$100.00,Rating: ⭐ Invalid Rating / 5,5 Colors,Size: M,Gender: Men,2025-11-20T09:07:27.708401
Jacket 402,$126.82,Rating: ⭐ 4.6 / 5,3 Colors,Size: M,Gender: Unisex,2025-11-20T09:07:27.708401
Crewneck 403,$98.77,Rating: ⭐ 4.1 / 5,3 Colors,Size: L,Gender: Men,2025-11-20T09:07:27.708401
T-shirt 404,$218.82,Rating: ⭐ 4.9 / 5,3 Colors,Size: XL,Gender: Women,2025-11-20T09:07:27.708401
Hoodie 405,$317.51,Rating: ⭐ 3.8 / 5,3 Colors,Size: XXL,Gender: Unisex,2025-11-20T09:07:27.708401
Pants 406,Price Unavailable,Rating: Not Rated,8 Colors,Size: S,Gender: Men,2025-11-20T09:07:27.708401
Outerwear 407,$172.58,Rating: ⭐ 3.7 / 5,3 Colors,Size: M,Gender: Women,2025-11-20T09:07:27.708401
Jacket 408,$261.00,Rating: ⭐ 4.9 / 5,3 Colors,Size: L,Gender: Unisex,2025-11-20T09:07:27.708401
Crewneck 409,$201.36,Rating: ⭐ 3.5 / 5,3 Colors,Size: XL,Gender: Men,2025-11-20T09:07:27.708401
T-shirt 410,$99.17,Rating: ⭐ 3.1 / 5,3 Colors,Size: XXL,Gender: Women,2025-11-20T09:07:27.708401
Unknown Product,$100.00,Rating: ⭐ Invalid Rating / 5,5 Colors,Size: M,Gender: Men,2025-11-20T09:07:27.708401
Pants 412,$339.89,Rating: ⭐ 4.4 / 5,3 Colors,Size: M,Gender: Men,2025-11-20T09:07:27.708401
Outerwear 413,$81.65,Rating: ⭐ 3.4 / 5,3 Colors,Size: L,Gender: Women,2025-11-20T09:07:27.708401
Jacket 414,$139.67,Rating: ⭐ 3.7 / 5,3 Colors,Size: XL,Gender: Unisex,2025-11-20T09:07:27.708401
Crewneck 415,$226.09,Rating: ⭐ 3.1 / 5,3 Colors,Size: XXL,Gender: Men,2025-11-20T09:07:27.708401
T-shirt 416,$278.38,Rating: ⭐ 3.1 / 5,3 Colors,Size: S,Gender: Women,2025-11-20T09:07:27.708401
Hoodie 417,$173.09,Rating: ⭐ 4.6 / 5,3 Colors,Size: M,Gender: Unisex,2025-11-20T09:07:27.708401
Pants 418,$394.24,Rating: ⭐ 5.0 / 5,3 Colors,Size: L,Gender: Men,2025-11-20T09:07:27.708401
Outerwear 419,$437.75,Rating: ⭐ 5.0 / 5,3 Colors,Size: XL,Gender: Women,2025-11-20T09:07:27.708401
Jacket 420,$154.54,Rating: ⭐ 3.1 / 5,3 Colors,Size: XXL,Gender: Unisex,2025-11-20T09:07:27.708401
Unknown Product,$100.00,Rating: ⭐ Invalid Rating / 5,5 Colors,Size: M,Gender: Men,2025-11-20T09:07:28.897366
T-shirt 422,$57.77,Rating: ⭐ 3.9 / 5,3 Colors,Size: M,Gender: Women,2025-11-20T09:07:28.897366
Hoodie 423,$287.61,Rating: ⭐ 3.7 / 5,3 Colors,Size: L,Gender: Unisex,2025-11-20T09:07:28.899367
Pants 424,$241.61,Rating: ⭐ 4.4 / 5,3 Colors,Size: XL,Gender: Men,2025-11-20T09:07:28.899367
Outerwear 425,$158.03,Rating: ⭐ 4.8 / 5,3 Colors,Size: XXL,Gender: Women,2025-11-20T09:07:28.899367
Jacket 426,$216.40,Rating: ⭐ 3.4 / 5,3 Colors,Size: S,Gender: Unisex,2025-11-20T09:07:28.899367
Crewneck 427,$398.45,Rating: ⭐ 3.3 / 5,3 Colors,Size: M,Gender: Men,2025-11-20T09:07:28.900007
T-shirt 428,$440.82,Rating: ⭐ 4.9 / 5,3 Colors,Size: L,Gender: Women,2025-11-20T09:07:28.900007
Hoodie 429,$103.66,Rating: ⭐ 4.9 / 5,3 Colors,Size: XL,Gender: Unisex,2025-11-20T09:07:28.900007
Pants 430,$90.13,Rating: ⭐ 3.9 / 5,3 Colors,Size: XXL,Gender: Men,2025-11-20T09:07:28.900007
Unknown Product,$100.00,Rating: ⭐ Invalid Rating / 5,5 Colors,Size: M,Gender: Men,2025-11-20T09:07:28.900007
Jacket 432,$134.49,Rating: ⭐ 4.5 / 5,3 Colors,Size: M,Gender: Unisex,2025-11-20T09:07:28.900007
Crewneck 433,$242.03,Rating: ⭐ 4.2 / 5,3 Colors,Size: L,Gender: Men,2025-11-20T09:07:28.900007
T-shirt 434,$409.82,Rating: ⭐ 4.9 / 5,3 Colors,Size: XL,Gender: Women,2025-11-20T09:07:28.900007
Hoodie 435,$63.48,Rating: ⭐ 4.0 / 5,3 Colors,Size: XXL,Gender: Unisex,2025-11-20T09:07:28.900007
Pants 436,Price Unavailable,Rating: Not Rated,8 Colors,Size: S,Gender: Men,2025-11-20T09:07:28.900007
Outerwear 437,$63.55,Rating: ⭐ 3.9 / 5,3 Colors,Size: M,Gender: Women,2025-11-20T09:07:28.900007
Jacket 438,$153.32,Rating: ⭐ 4.5 / 5,3 Colors,Size: L,Gender: Unisex,2025-11-20T09:07:28.900007
Crewneck 439,$250.34,Rating: ⭐ 3.2 / 5,3 Colors,Size: XL,Gender: Men,2025-11-20T09:07:28.900007
T-shirt 440,$332.88,Rating: ⭐ 3.0 / 5,3 Colors,Size: XXL,Gender: Women,2025-11-20T09:07:28.902017
Unknown Product,$100.00,Rating: ⭐ Invalid Rating / 5,5 Colors,Size: M,Gender: Men,2025-11-20T09:07:30.632850
Pants 442,$293.85,Rating: ⭐ 4.3 / 5,3 Colors,Size: M,Gender: Men,2025-11-20T09:07:30.634858
Outerwear 443,$453.92,Rating: ⭐ 4.2 / 5,3 Colors,Size: L,Gender: Women,2025-11-20T09:07:30.634858
Jacket 444,$251.06,Rating: ⭐ 3.3 / 5,3 Colors,Size: XL,Gender: Unisex,2025-11-20T09:07:30.634858
Crewneck 445,$223.39,Rating: ⭐ 4.5 / 5,3 Colors,Size: XXL,Gender: Men,2025-11-20T09:07:30.634858
T-shirt 446,$483.76,Rating: ⭐ 3.2 / 5,3 Colors,Size: S,Gender: Women,2025-11-20T09:07:30.634858
Hoodie 447,$296.79,Rating: ⭐ 4.0 / 5,3 Colors,Size: M,Gender: Unisex,2025-11-20T09:07:30.634858
Pants 448,$51.26,Rating: ⭐ 4.4 / 5,3 Colors,Size: L,Gender: Men,2025-11-20T09:07:30.634858
Outerwear 449,$400.63,Rating: ⭐ 4.0 / 5,3 Colors,Size: XL,Gender: Women,2025-11-20T09:07:30.634858
Jacket 450,$547.18,Rating: ⭐ 3.1 / 5,3 Colors,Size: XXL,Gender: Unisex,2025-11-20T09:07:30.634858
Unknown Product,$100.00,Rating: ⭐ Invalid Rating / 5,5 Colors,Size: M,Gender: Men,2025-11-20T09:07:30.634858
T-shirt 452,$430.80,Rating: ⭐ 4.4 / 5,3 Colors,Size: M,Gender: Women,2025-11-20T09:07:30.634858
Hoodie 453,$411.06,Rating: ⭐ 4.2 / 5,3 Colors,Size: L,Gender: Unisex,2025-11-20T09:07:30.634858
Pants 454,$136.22,Rating: ⭐ 5.0 / 5,3 Colors,Size: XL,Gender: Men,2025-11-20T09:07:30.634858
Outerwear 455,$68.38,Rating: ⭐ 4.8 / 5,3 Colors,Size: XXL,Gender: Women,2025-11-20T09:07:30.634858
Jacket 456,$506.00,Rating: ⭐ 4.1 / 5,3 Colors,Size: S,Gender: Unisex,2025-11-20T09:07:30.634858
Crewneck 457,$458.93,Rating: ⭐ 4.8 / 5,3 Colors,Size: M,Gender: Men,2025-11-20T09:07:30.636864
T-shirt 458,$265.00,Rating: ⭐ 4.4 / 5,3 Colors,Size: L,Gender: Women,2025-11-20T09:07:30.636864
Hoodie 459,$202.33,Rating: ⭐ 3.5 / 5,3 Colors,Size: XL,Gender: Unisex,2025-11-20T09:07:30.636864
Pants 460,$117.55,Rating: ⭐ 3.6 / 5,3 Colors,Size: XXL,Gender: Men,2025-11-20T09:07:30.636864
Unknown Product,$100.00,Rating: ⭐ Invalid Rating / 5,5 Colors,Size: M,Gender: Men,2025-11-20T09:07:31.793225
Jacket 462,$422.99,Rating: ⭐ 4.5 / 5,3 Colors,Size: M,Gender: Unisex,2025-11-20T09:07:31.793225
Crewneck 463,$471.22,Rating: ⭐ 4.5 / 5,3 Colors,Size: L,Gender: Men,2025-11-20T09:07:31.793225
T-shirt 464,$379.38,Rating: ⭐ 4.5 / 5,3 Colors,Size: XL,Gender: Women,2025-11-20T09:07:31.793225
Hoodie 465,$385.27,Rating: ⭐ 4.7 / 5,3 Colors,Size: XXL,Gender: Unisex,2025-11-20T09:07:31.793225
Pants 466,Price Unavailable,Rating: Not Rated,8 Colors,Size: S,Gender: Men,2025-11-20T09:07:31.793225
Outerwear 467,$82.87,Rating: ⭐ 3.5 / 5,3 Colors,Size: M,Gender: Women,2025-11-20T09:07:31.793225
Jacket 468,$286.56,Rating: ⭐ 3.7 / 5,3 Colors,Size: L,Gender: Unisex,2025-11-20T09:07:31.793225
Crewneck 469,$108.68,Rating: ⭐ 4.2 / 5,3 Colors,Size: XL,Gender: Men,2025-11-20T09:07:31.793225
T-shirt 470,$483.68,Rating: ⭐ 3.1 / 5,3 Colors,Size: XXL,Gender: Women,2025-11-20T09:07:31.793225
Unknown Product,$100.00,Rating: ⭐ Invalid Rating / 5,5 Colors,Size: M,Gender: Men,2025-11-20T09:07:31.793225
Pants 472,$243.88,Rating: ⭐ 3.1 / 5,3 Colors,Size: M,Gender: Men,2025-11-20T09:07:31.793225
Outerwear 473,$342.38,Rating: ⭐ 4.2 / 5,3 Colors,Size: L,Gender: Women,2025-11-20T09:07:31.793225
Jacket 474,$366.56,Rating: ⭐ 4.7 / 5,3 Colors,Size: XL,Gender: Unisex,2025-11-20T09:07:31.793225
Crewneck 475,$438.58,Rating: ⭐ 4.6 / 5,3 Colors,Size: XXL,Gender: Men,2025-11-20T09:07:31.795232
T-shirt 476,$249.14,Rating: ⭐ 4.3 / 5,3 Colors,Size: S,Gender: Women,2025-11-20T09:07:31.795232
Hoodie 477,$414.13,Rating: ⭐ 4.2 / 5,3 Colors,Size: M,Gender: Unisex,2025-11-20T09:07:31.795232
Pants 478,$307.00,Rating: ⭐ 3.8 / 5,3 Colors,Size: L,Gender: Men,2025-11-20T09:07:31.795232
Outerwear 479,$456.40,Rating: ⭐ 4.4 / 5,3 Colors,Size: XL,Gender: Women,2025-11-20T09:07:31.795232
Jacket 480,$311.64,Rating: ⭐ 4.2 / 5,3 Colors,Size: XXL,Gender: Unisex,2025-11-20T09:07:31.795232
Unknown Product,$100.00,Rating: ⭐ Invalid Rating / 5,5 Colors,Size: M,Gender: Men,2025-11-20T09:07:32.968834
T-shirt 482,$209.53,Rating: ⭐ 4.8 / 5,3 Colors,Size: M,Gender: Women,2025-11-20T09:07:32.968834
Hoodie 483,$252.19,Rating: ⭐ 4.2 / 5,3 Colors,Size: L,Gender: Unisex,2025-11-20T09:07:32.968834
Pants 484,$401.79,Rating: ⭐ 4.1 / 5,3 Colors,Size: XL,Gender: Men,2025-11-20T09:07:32.968834
Outerwear 485,$252.78,Rating: ⭐ 4.7 / 5,3 Colors,Size: XXL,Gender: Women,2025-11-20T09:07:32.968834
Jacket 486,$160.86,Rating: ⭐ 3.0 / 5,3 Colors,Size: S,Gender: Unisex,2025-11-20T09:07:32.968834
Crewneck 487,$434.72,Rating: ⭐ 3.7 / 5,3 Colors,Size: M,Gender: Men,2025-11-20T09:07:32.968834
T-shirt 488,$549.36,Rating: ⭐ 3.8 / 5,3 Colors,Size: L,Gender: Women,2025-11-20T09:07:32.968834
Hoodie 489,$222.16,Rating: ⭐ 5.0 / 5,3 Colors,Size: XL,Gender: Unisex,2025-11-20T09:07:32.968834
Pants 490,$442.60,Rating: ⭐ 3.1 / 5,3 Colors,Size: XXL,Gender: Men,2025-11-20T09:07:32.968834
Unknown Product,$100.00,Rating: ⭐ Invalid Rating / 5,5 Colors,Size: M,Gender: Men,2025-11-20T09:07:32.968834
Jacket 492,$375.74,Rating: ⭐ 3.0 / 5,3 Colors,Size: M,Gender: Unisex,2025-11-20T09:07:32.968834
Crewneck 493,$316.97,Rating: ⭐ 4.8 / 5,3 Colors,Size: L,Gender: Men,2025-11-20T09:07:32.970847
T-shirt 494,$86.88,Rating: ⭐ 3.4 / 5,3 Colors,Size: XL,Gender: Women,2025-11-20T09:07:32.970847
Hoodie 495,$103.95,Rating: ⭐ 4.5 / 5,3 Colors,Size: XXL,Gender: Unisex,2025-11-20T09:07:32.970847
Pants 496,Price Unavailable,Rating: Not Rated,8 Colors,Size: S,Gender: Men,2025-11-20T09:07:32.970847
Outerwear 497,$247.36,Rating: ⭐ 4.4 / 5,3 Colors,Size: M,Gender: Women,2025-11-20T09:07:32.970847
Jacket 498,$275.80,Rating: ⭐ 4.6 / 5,3 Colors,Size: L,Gender: Unisex,2025-11-20T09:07:32.970847
Crewneck 499,$489.12,Rating: ⭐ 4.1 / 5,3 Colors,Size: XL,Gender: Men,2025-11-20T09:07:32.970847
T-shirt 500,$507.15,Rating: ⭐ 4.2 / 5,3 Colors,Size: XXL,Gender: Women,2025-11-20T09:07:32.970847
Unknown Product,$100.00,Rating: ⭐ Invalid Rating / 5,5 Colors,Size: M,Gender: Men,2025-11-20T09:07:34.149291
Pants 502,$445.78,Rating: ⭐ 4.4 / 5,3 Colors,Size: M,Gender: Men,2025-11-20T09:07:34.149291
Outerwear 503,$307.78,Rating: ⭐ 4.8 / 5,3 Colors,Size: L,Gender: Women,2025-11-20T09:07:34.149291
Jacket 504,$501.53,Rating: ⭐ 5.0 / 5,3 Colors,Size: XL,Gender: Unisex,2025-11-20T09:07:34.149291
Crewneck 505,$546.73,Rating: ⭐ 4.3 / 5,3 Colors,Size: XXL,Gender: Men,2025-11-20T09:07:34.149291
T-shirt 506,$535.75,Rating: ⭐ 3.6 / 5,3 Colors,Size: S,Gender: Women,2025-11-20T09:07:34.149291
Hoodie 507,$427.75,Rating: ⭐ 4.7 / 5,3 Colors,Size: M,Gender: Unisex,2025-11-20T09:07:34.149291
Pants 508,$485.38,Rating: ⭐ 3.5 / 5,3 Colors,Size: L,Gender: Men,2025-11-20T09:07:34.149291
Outerwear 509,$448.65,Rating: ⭐ 3.1 / 5,3 Colors,Size: XL,Gender: Women,2025-11-20T09:07:34.149291
Jacket 510,$97.63,Rating: ⭐ 3.4 / 5,3 Colors,Size: XXL,Gender: Unisex,2025-11-20T09:07:34.149291
Unknown Product,$100.00,Rating: ⭐ Invalid Rating / 5,5 Colors,Size: M,Gender: Men,2025-11-20T09:07:34.149291
T-shirt 512,$269.98,Rating: ⭐ 3.7 / 5,3 Colors,Size: M,Gender: Women,2025-11-20T09:07:34.149291
Hoodie 513,$105.86,Rating: ⭐ 4.4 / 5,3 Colors,Size: L,Gender: Unisex,2025-11-20T09:07:34.149291
Pants 514,$430.56,Rating: ⭐ 3.9 / 5,3 Colors,Size: XL,Gender: Men,2025-11-20T09:07:34.149291
Outerwear 515,$453.91,Rating: ⭐ 3.1 / 5,3 Colors,Size: XXL,Gender: Women,2025-11-20T09:07:34.149291
Jacket 516,$445.67,Rating: ⭐ 3.4 / 5,3 Colors,Size: S,Gender: Unisex,2025-11-20T09:07:34.149291
Crewneck 517,$66.83,Rating: ⭐ 3.5 / 5,3 Colors,Size: M,Gender: Men,2025-11-20T09:07:34.149291
T-shirt 518,$160.98,Rating: ⭐ 4.1 / 5,3 Colors,Size: L,Gender: Women,2025-11-20T09:07:34.149291
Hoodie 519,$139.76,Rating: ⭐ 4.5 / 5,3 Colors,Size: XL,Gender: Unisex,2025-11-20T09:07:34.149291
Pants 520,$144.27,Rating: ⭐ 3.8 / 5,3 Colors,Size: XXL,Gender: Men,2025-11-20T09:07:34.149291
Unknown Product,$100.00,Rating: ⭐ Invalid Rating / 5,5 Colors,Size: M,Gender: Men,2025-11-20T09:07:35.321853
Jacket 522,$393.31,Rating: ⭐ 4.0 / 5,3 Colors,Size: M,Gender: Unisex,2025-11-20T09:07:35.321853
Crewneck 523,$226.67,Rating: ⭐ 4.6 / 5,3 Colors,Size: L,Gender: Men,2025-11-20T09:07:35.321853
T-shirt 524,$58.50,Rating: ⭐ 3.8 / 5,3 Colors,Size: XL,Gender: Women,2025-11-20T09:07:35.321853
Hoodie 525,$494.94,Rating: ⭐ 3.6 / 5,3 Colors,Size: XXL,Gender: Unisex,2025-11-20T09:07:35.337819
Pants 526,Price Unavailable,Rating: Not Rated,8 Colors,Size: S,Gender: Men,2025-11-20T09:07:35.337819
Outerwear 527,$291.83,Rating: ⭐ 3.6 / 5,3 Colors,Size: M,Gender: Women,2025-11-20T09:07:35.337819
Jacket 528,$349.74,Rating: ⭐ 4.0 / 5,3 Colors,Size: L,Gender: Unisex,2025-11-20T09:07:35.337819
Crewneck 529,$88.76,Rating: ⭐ 3.2 / 5,3 Colors,Size: XL,Gender: Men,2025-11-20T09:07:35.337819
T-shirt 530,$385.86,Rating: ⭐ 3.3 / 5,3 Colors,Size: XXL,Gender: Women,2025-11-20T09:07:35.337819
Unknown Product,$100.00,Rating: ⭐ Invalid Rating / 5,5 Colors,Size: M,Gender: Men,2025-11-20T09:07:35.337819
Pants 532,$524.45,Rating: ⭐ 4.1 / 5,3 Colors,Size: M,Gender: Men,2025-11-20T09:07:35.337819
Outerwear 533,$210.64,Rating: ⭐ 4.2 / 5,3 Colors,Size: L,Gender: Women,2025-11-20T09:07:35.337819
Jacket 534,$217.45,Rating: ⭐ 3.7 / 5,3 Colors,Size: XL,Gender: Unisex,2025-11-20T09:07:35.337819
Crewneck 535,$243.83,Rating: ⭐ 3.7 / 5,3 Colors,Size: XXL,Gender: Men,2025-11-20T09:07:35.337819
T-shirt 536,$318.28,Rating: ⭐ 3.0 / 5,3 Colors,Size: S,Gender: Women,2025-11-20T09:07:35.337819
Hoodie 537,$541.99,Rating: ⭐ 3.1 / 5,3 Colors,Size: M,Gender: Unisex,2025-11-20T09:07:35.337819
Pants 538,$383.39,Rating: ⭐ 3.4 / 5,3 Colors,Size: L,Gender: Men,2025-11-20T09:07:35.337819
Outerwear 539,$293.29,Rating: ⭐ 4.7 / 5,3 Colors,Size: XL,Gender: Women,2025-11-20T09:07:35.337819
Jacket 540,$440.74,Rating: ⭐ 4.4 / 5,3 Colors,Size: XXL,Gender: Unisex,2025-11-20T09:07:35.337819
Unknown Product,$100.00,Rating: ⭐ Invalid Rating / 5,5 Colors,Size: M,Gender: Men,2025-11-20T09:07:36.519301
T-shirt 542,$297.59,Rating: ⭐ 3.5 / 5,3 Colors,Size: M,Gender: Women,2025-11-20T09:07:36.519301
Hoodie 543,$544.73,Rating: ⭐ 4.7 / 5,3 Colors,Size: L,Gender: Unisex,2025-11-20T09:07:36.519301
Pants 544,$372.36,Rating: ⭐ 3.1 / 5,3 Colors,Size: XL,Gender: Men,2025-11-20T09:07:36.519301
Outerwear 545,$223.71,Rating: ⭐ 4.0 / 5,3 Colors,Size: XXL,Gender: Women,2025-11-20T09:07:36.519301
Jacket 546,$391.97,Rating: ⭐ 3.3 / 5,3 Colors,Size: S,Gender: Unisex,2025-11-20T09:07:36.519301
Crewneck 547,$335.07,Rating: ⭐ 3.9 / 5,3 Colors,Size: M,Gender: Men,2025-11-20T09:07:36.519301
T-shirt 548,$167.89,Rating: ⭐ 4.6 / 5,3 Colors,Size: L,Gender: Women,2025-11-20T09:07:36.519301
Hoodie 549,$167.95,Rating: ⭐ 3.7 / 5,3 Colors,Size: XL,Gender: Unisex,2025-11-20T09:07:36.519301
Pants 550,$278.13,Rating: ⭐ 4.9 / 5,3 Colors,Size: XXL,Gender: Men,2025-11-20T09:07:36.519301
Unknown Product,$100.00,Rating: ⭐ Invalid Rating / 5,5 Colors,Size: M,Gender: Men,2025-11-20T09:07:36.519301
Jacket 552,$336.27,Rating: ⭐ 4.1 / 5,3 Colors,Size: M,Gender: Unisex,2025-11-20T09:07:36.519301
Crewneck 553,$485.05,Rating: ⭐ 3.8 / 5,3 Colors,Size: L,Gender: Men,2025-11-20T09:07:36.519301
T-shirt 554,$250.07,Rating: ⭐ 4.5 / 5,3 Colors,Size: XL,Gender: Women,2025-11-20T09:07:36.519301
Hoodie 555,$113.10,Rating: ⭐ 3.0 / 5,3 Colors,Size: XXL,Gender: Unisex,2025-11-20T09:07:36.519301
Pants 556,Price Unavailable,Rating: Not Rated,8 Colors,Size: S,Gender: Men,2025-11-20T09:07:36.519301
Outerwear 557,$341.28,Rating: ⭐ 3.4 / 5,3 Colors,Size: M,Gender: Women,2025-11-20T09:07:36.519301
Jacket 558,$312.94,Rating: ⭐ 4.0 / 5,3 Colors,Size: L,Gender: Unisex,2025-11-20T09:07:36.519301
Crewneck 559,$99.43,Rating: ⭐ 3.5 / 5,3 Colors,Size: XL,Gender: Men,2025-11-20T09:07:36.519301
T-shirt 560,$430.33,Rating: ⭐ 4.2 / 5,3 Colors,Size: XXL,Gender: Women,2025-11-20T09:07:36.519301
Unknown Product,$100.00,Rating: ⭐ Invalid Rating / 5,5 Colors,Size: M,Gender: Men,2025-11-20T09:07:37.690272
Pants 562,$232.76,Rating: ⭐ 4.5 / 5,3 Colors,Size: M,Gender: Men,2025-11-20T09:07:37.690272
Outerwear 563,$512.34,Rating: ⭐ 4.7 / 5,3 Colors,Size: L,Gender: Women,2025-11-20T09:07:37.690272
Jacket 564,$519.95,Rating: ⭐ 4.3 / 5,3 Colors,Size: XL,Gender: Unisex,2025-11-20T09:07:37.690272
Crewneck 565,$477.20,Rating: ⭐ 3.5 / 5,3 Colors,Size: XXL,Gender: Men,2025-11-20T09:07:37.690272
T-shirt 566,$163.21,Rating: ⭐ 4.6 / 5,3 Colors,Size: S,Gender: Women,2025-11-20T09:07:37.690272
Hoodie 567,$286.01,Rating: ⭐ 3.2 / 5,3 Colors,Size: M,Gender: Unisex,2025-11-20T09:07:37.690272
Pants 568,$186.51,Rating: ⭐ 3.3 / 5,3 Colors,Size: L,Gender: Men,2025-11-20T09:07:37.690272
Outerwear 569,$310.43,Rating: ⭐ 4.7 / 5,3 Colors,Size: XL,Gender: Women,2025-11-20T09:07:37.690272
Jacket 570,$250.06,Rating: ⭐ 3.9 / 5,3 Colors,Size: XXL,Gender: Unisex,2025-11-20T09:07:37.690272
Unknown Product,$100.00,Rating: ⭐ Invalid Rating / 5,5 Colors,Size: M,Gender: Men,2025-11-20T09:07:37.690272
T-shirt 572,$297.27,Rating: ⭐ 3.2 / 5,3 Colors,Size: M,Gender: Women,2025-11-20T09:07:37.690272
Hoodie 573,$434.63,Rating: ⭐ 4.5 / 5,3 Colors,Size: L,Gender: Unisex,2025-11-20T09:07:37.690272
Pants 574,$151.50,Rating: ⭐ 3.8 / 5,3 Colors,Size: XL,Gender: Men,2025-11-20T09:07:37.690272
Outerwear 575,$219.86,Rating: ⭐ 3.4 / 5,3 Colors,Size: XXL,Gender: Women,2025-11-20T09:07:37.690272
Jacket 576,$50.35,Rating: ⭐ 3.5 / 5,3 Colors,Size: S,Gender: Unisex,2025-11-20T09:07:37.690272
Crewneck 577,$492.12,Rating: ⭐ 3.3 / 5,3 Colors,Size: M,Gender: Men,2025-11-20T09:07:37.690272
T-shirt 578,$497.43,Rating: ⭐ 4.1 / 5,3 Colors,Size: L,Gender: Women,2025-11-20T09:07:37.690272
Hoodie 579,$276.79,Rating: ⭐ 4.4 / 5,3 Colors,Size: XL,Gender: Unisex,2025-11-20T09:07:37.690272
Pants 580,$164.09,Rating: ⭐ 3.3 / 5,3 Colors,Size: XXL,Gender: Men,2025-11-20T09:07:37.690272
Unknown Product,$100.00,Rating: ⭐ Invalid Rating / 5,5 Colors,Size: M,Gender: Men,2025-11-20T09:07:38.913510
Jacket 582,$257.01,Rating: ⭐ 4.1 / 5,3 Colors,Size: M,Gender: Unisex,2025-11-20T09:07:38.913510
Crewneck 583,$358.61,Rating: ⭐ 4.5 / 5,3 Colors,Size: L,Gender: Men,2025-11-20T09:07:38.913510
T-shirt 584,$435.31,Rating: ⭐ 4.8 / 5,3 Colors,Size: XL,Gender: Women,2025-11-20T09:07:38.915262
Hoodie 585,$386.68,Rating: ⭐ 4.9 / 5,3 Colors,Size: XXL,Gender: Unisex,2025-11-20T09:07:38.915262
Pants 586,Price Unavailable,Rating: Not Rated,8 Colors,Size: S,Gender: Men,2025-11-20T09:07:38.915262
Outerwear 587,$276.56,Rating: ⭐ 4.4 / 5,3 Colors,Size: M,Gender: Women,2025-11-20T09:07:38.915262
Jacket 588,$310.19,Rating: ⭐ 4.7 / 5,3 Colors,Size: L,Gender: Unisex,2025-11-20T09:07:38.915262
Crewneck 589,$58.24,Rating: ⭐ 4.7 / 5,3 Colors,Size: XL,Gender: Men,2025-11-20T09:07:38.915262
T-shirt 590,$403.57,Rating: ⭐ 3.9 / 5,3 Colors,Size: XXL,Gender: Women,2025-11-20T09:07:38.915262
Unknown Product,$100.00,Rating: ⭐ Invalid Rating / 5,5 Colors,Size: M,Gender: Men,2025-11-20T09:07:38.915262
Pants 592,$425.34,Rating: ⭐ 4.3 / 5,3 Colors,Size: M,Gender: Men,2025-11-20T09:07:38.915262
Outerwear 593,$447.74,Rating: ⭐ 3.9 / 5,3 Colors,Size: L,Gender: Women,2025-11-20T09:07:38.915262
Jacket 594,$544.23,Rating: ⭐ 4.2 / 5,3 Colors,Size: XL,Gender: Unisex,2025-11-20T09:07:38.915262
Crewneck 595,$232.74,Rating: ⭐ 3.5 / 5,3 Colors,Size: XXL,Gender: Men,2025-11-20T09:07:38.915262
T-shirt 596,$518.15,Rating: ⭐ 4.4 / 5,3 Colors,Size: S,Gender: Women,2025-11-20T09:07:38.915262
Hoodie 597,$498.09,Rating: ⭐ 3.3 / 5,3 Colors,Size: M,Gender: Unisex,2025-11-20T09:07:38.915262
Pants 598,$294.63,Rating: ⭐ 4.1 / 5,3 Colors,Size: L,Gender: Men,2025-11-20T09:07:38.915262
Outerwear 599,$73.69,Rating: ⭐ 3.3 / 5,3 Colors,Size: XL,Gender: Women,2025-11-20T09:07:38.917270
Jacket 600,$400.88,Rating: ⭐ 3.0 / 5,3 Colors,Size: XXL,Gender: Unisex,2025-11-20T09:07:38.917270
Unknown Product,$100.00,Rating: ⭐ Invalid Rating / 5,5 Colors,Size: M,Gender: Men,2025-11-20T09:07:40.264982
T-shirt 602,$141.31,Rating: ⭐ 4.4 / 5,3 Colors,Size: M,Gender: Women,2025-11-20T09:07:40.264982
Hoodie 603,$469.47,Rating: ⭐ 3.1 / 5,3 Colors,Size: L,Gender: Unisex,2025-11-20T09:07:40.264982
Pants 604,$478.89,Rating: ⭐ 4.3 / 5,3 Colors,Size: XL,Gender: Men,2025-11-20T09:07:40.264982
Outerwear 605,$106.92,Rating: ⭐ 3.7 / 5,3 Colors,Size: XXL,Gender: Women,2025-11-20T09:07:40.264982
Jacket 606,$360.67,Rating: ⭐ 4.6 / 5,3 Colors,Size: S,Gender: Unisex,2025-11-20T09:07:40.264982
Crewneck 607,$241.10,Rating: ⭐ 3.1 / 5,3 Colors,Size: M,Gender: Men,2025-11-20T09:07:40.264982
T-shirt 608,$440.49,Rating: ⭐ 4.6 / 5,3 Colors,Size: L,Gender: Women,2025-11-20T09:07:40.264982
Hoodie 609,$184.77,Rating: ⭐ 4.1 / 5,3 Colors,Size: XL,Gender: Unisex,2025-11-20T09:07:40.264982
Pants 610,$282.21,Rating: ⭐ 3.3 / 5,3 Colors,Size: XXL,Gender: Men,2025-11-20T09:07:40.264982
Unknown Product,$100.00,Rating: ⭐ Invalid Rating / 5,5 Colors,Size: M,Gender: Men,2025-11-20T09:07:40.264982
Jacket 612,$200.17,Rating: ⭐ 3.1 / 5,3 Colors,Size: M,Gender: Unisex,2025-11-20T09:07:40.264982
Crewneck 613,$63.37,Rating: ⭐ 3.6 / 5,3 Colors,Size: L,Gender: Men,2025-11-20T09:07:40.264982
T-shirt 614,$151.76,Rating: ⭐ 3.1 / 5,3 Colors,Size: XL,Gender: Women,2025-11-20T09:07:40.264982
Hoodie 615,$299.92,Rating: ⭐ 4.8 / 5,3 Colors,Size: XXL,Gender: Unisex,2025-11-20T09:07:40.264982
Pants 616,Price Unavailable,Rating: Not Rated,8 Colors,Size: S,Gender: Men,2025-11-20T09:07:40.264982
Outerwear 617,$110.37,Rating: ⭐ 4.3 / 5,3 Colors,Size: M,Gender: Women,2025-11-20T09:07:40.264982
Jacket 618,$404.63,Rating: ⭐ 3.3 / 5,3 Colors,Size: L,Gender: Unisex,2025-11-20T09:07:40.264982
Crewneck 619,$521.29,Rating: ⭐ 4.4 / 5,3 Colors,Size: XL,Gender: Men,2025-11-20T09:07:40.264982
T-shirt 620,$141.89,Rating: ⭐ 3.3 / 5,3 Colors,Size: XXL,Gender: Women,2025-11-20T09:07:40.264982
Unknown Product,$100.00,Rating: ⭐ Invalid Rating / 5,5 Colors,Size: M,Gender: Men,2025-11-20T09:07:41.482905
Pants 622,$303.10,Rating: ⭐ 3.5 / 5,3 Colors,Size: M,Gender: Men,2025-11-20T09:07:41.482905
Outerwear 623,$456.22,Rating: ⭐ 4.6 / 5,3 Colors,Size: L,Gender: Women,2025-11-20T09:07:41.482905
Jacket 624,$433.95,Rating: ⭐ 3.9 / 5,3 Colors,Size: XL,Gender: Unisex,2025-11-20T09:07:41.482905
Crewneck 625,$489.15,Rating: ⭐ 4.1 / 5,3 Colors,Size: XXL,Gender: Men,2025-11-20T09:07:41.482905
T-shirt 626,$486.09,Rating: ⭐ 4.5 / 5,3 Colors,Size: S,Gender: Women,2025-11-20T09:07:41.482905
Hoodie 627,$77.02,Rating: ⭐ 3.2 / 5,3 Colors,Size: M,Gender: Unisex,2025-11-20T09:07:41.482905
Pants 628,$507.07,Rating: ⭐ 4.3 / 5,3 Colors,Size: L,Gender: Men,2025-11-20T09:07:41.499130
Outerwear 629,$249.87,Rating: ⭐ 4.4 / 5,3 Colors,Size: XL,Gender: Women,2025-11-20T09:07:41.499130
Jacket 630,$62.73,Rating: ⭐ 3.8 / 5,3 Colors,Size: XXL,Gender: Unisex,2025-11-20T09:07:41.499130
Unknown Product,$100.00,Rating: ⭐ Invalid Rating / 5,5 Colors,Size: M,Gender: Men,2025-11-20T09:07:41.499130
T-shirt 632,$269.64,Rating: ⭐ 3.6 / 5,3 Colors,Size: M,Gender: Women,2025-11-20T09:07:41.499130
Hoodie 633,$195.50,Rating: ⭐ 3.1 / 5,3 Colors,Size: L,Gender: Unisex,2025-11-20T09:07:41.499130
Pants 634,$533.48,Rating: ⭐ 3.9 / 5,3 Colors,Size: XL,Gender: Men,2025-11-20T09:07:41.499130
Outerwear 635,$431.07,Rating: ⭐ 4.1 / 5,3 Colors,Size: XXL,Gender: Women,2025-11-20T09:07:41.499130
Jacket 636,$217.27,Rating: ⭐ 4.5 / 5,3 Colors,Size: S,Gender: Unisex,2025-11-20T09:07:41.499130
Crewneck 637,$376.89,Rating: ⭐ 4.0 / 5,3 Colors,Size: M,Gender: Men,2025-11-20T09:07:41.499130
T-shirt 638,$326.31,Rating: ⭐ 4.6 / 5,3 Colors,Size: L,Gender: Women,2025-11-20T09:07:41.499130
Hoodie 639,$423.92,Rating: ⭐ 4.7 / 5,3 Colors,Size: XL,Gender: Unisex,2025-11-20T09:07:41.499130
Pants 640,$189.91,Rating: ⭐ 3.8 / 5,3 Colors,Size: XXL,Gender: Men,2025-11-20T09:07:41.499130
Unknown Product,$100.00,Rating: ⭐ Invalid Rating / 5,5 Colors,Size: M,Gender: Men,2025-11-20T09:07:42.700000
Jacket 642,$484.21,Rating: ⭐ 4.7 / 5,3 Colors,Size: M,Gender: Unisex,2025-11-20T09:07:42.700000
Crewneck 643,$382.25,Rating: ⭐ 3.2 / 5,3 Colors,Size: L,Gender: Men,2025-11-20T09:07:42.700000
T-shirt 644,$467.46,Rating: ⭐ 4.2 / 5,3 Colors,Size: XL,Gender: Women,2025-11-20T09:07:42.700000
Hoodie 645,$205.34,Rating: ⭐ 3.3 / 5,3 Colors,Size: XXL,Gender: Unisex,2025-11-20T09:07:42.700000
Pants 646,Price Unavailable,Rating: Not Rated,8 Colors,Size: S,Gender: Men,2025-11-20T09:07:42.715852
Outerwear 647,$269.06,Rating: ⭐ 3.8 / 5,3 Colors,Size: M,Gender: Women,2025-11-20T09:07:42.715852
Jacket 648,$543.72,Rating: ⭐ 4.5 / 5,3 Colors,Size: L,Gender: Unisex,2025-11-20T09:07:42.715852
Crewneck 649,$536.76,Rating: ⭐ 3.2 / 5,3 Colors,Size: XL,Gender: Men,2025-11-20T09:07:42.715852
T-shirt 650,$500.80,Rating: ⭐ 3.4 / 5,3 Colors,Size: XXL,Gender: Women,2025-11-20T09:07:42.715852
Unknown Product,$100.00,Rating: ⭐ Invalid Rating / 5,5 Colors,Size: M,Gender: Men,2025-11-20T09:07:42.715852
Pants 652,$380.31,Rating: ⭐ 3.3 / 5,3 Colors,Size: M,Gender: Men,2025-11-20T09:07:42.715852
Outerwear 653,$163.88,Rating: ⭐ 4.0 / 5,3 Colors,Size: L,Gender: Women,2025-11-20T09:07:42.715852
Jacket 654,$255.59,Rating: ⭐ 4.7 / 5,3 Colors,Size: XL,Gender: Unisex,2025-11-20T09:07:42.715852
Crewneck 655,$114.64,Rating: ⭐ 4.1 / 5,3 Colors,Size: XXL,Gender: Men,2025-11-20T09:07:42.715852
T-shirt 656,$158.67,Rating: ⭐ 4.2 / 5,3 Colors,Size: S,Gender: Women,2025-11-20T09:07:42.715852
Hoodie 657,$528.69,Rating: ⭐ 4.8 / 5,3 Colors,Size: M,Gender: Unisex,2025-11-20T09:07:42.717862
Pants 658,$391.77,Rating: ⭐ 3.8 / 5,3 Colors,Size: L,Gender: Men,2025-11-20T09:07:42.717862
Outerwear 659,$113.62,Rating: ⭐ 3.3 / 5,3 Colors,Size: XL,Gender: Women,2025-11-20T09:07:42.717862
Jacket 660,$544.70,Rating: ⭐ 3.5 / 5,3 Colors,Size: XXL,Gender: Unisex,2025-11-20T09:07:42.717862
Unknown Product,$100.00,Rating: ⭐ Invalid Rating / 5,5 Colors,Size: M,Gender: Men,2025-11-20T09:07:43.903874
T-shirt 662,$88.92,Rating: ⭐ 4.5 / 5,3 Colors,Size: M,Gender: Women,2025-11-20T09:07:43.903874
Hoodie 663,$442.95,Rating: ⭐ 4.0 / 5,3 Colors,Size: L,Gender: Unisex,2025-11-20T09:07:43.903874
Pants 664,$515.54,Rating: ⭐ 3.5 / 5,3 Colors,Size: XL,Gender: Men,2025-11-20T09:07:43.911094
Outerwear 665,$252.10,Rating: ⭐ 3.2 / 5,3 Colors,Size: XXL,Gender: Women,2025-11-20T09:07:43.911094
Jacket 666,$302.75,Rating: ⭐ 3.9 / 5,3 Colors,Size: S,Gender: Unisex,2025-11-20T09:07:43.911094
Crewneck 667,$109.79,Rating: ⭐ 3.7 / 5,3 Colors,Size: M,Gender: Men,2025-11-20T09:07:43.911094
T-shirt 668,$315.29,Rating: ⭐ 3.7 / 5,3 Colors,Size: L,Gender: Women,2025-11-20T09:07:43.911798
Hoodie 669,$146.63,Rating: ⭐ 3.3 / 5,3 Colors,Size: XL,Gender: Unisex,2025-11-20T09:07:43.911798
Pants 670,$525.42,Rating: ⭐ 4.8 / 5,3 Colors,Size: XXL,Gender: Men,2025-11-20T09:07:43.911798
Unknown Product,$100.00,Rating: ⭐ Invalid Rating / 5,5 Colors,Size: M,Gender: Men,2025-11-20T09:07:43.912201
Jacket 672,$298.51,Rating: ⭐ 4.5 / 5,3 Colors,Size: M,Gender: Unisex,2025-11-20T09:07:43.912201
Crewneck 673,$175.21,Rating: ⭐ 4.7 / 5,3 Colors,Size: L,Gender: Men,2025-11-20T09:07:43.912201
T-shirt 674,$197.29,Rating: ⭐ 3.1 / 5,3 Colors,Size: XL,Gender: Women,2025-11-20T09:07:43.912201
Hoodie 675,$269.68,Rating: ⭐ 3.2 / 5,3 Colors,Size: XXL,Gender: Unisex,2025-11-20T09:07:43.912201
Pants 676,Price Unavailable,Rating: Not Rated,8 Colors,Size: S,Gender: Men,2025-11-20T09:07:43.912201
Outerwear 677,$291.09,Rating: ⭐ 3.3 / 5,3 Colors,Size: M,Gender: Women,2025-11-20T09:07:43.912201
Jacket 678,$173.57,Rating: ⭐ 4.3 / 5,3 Colors,Size: L,Gender: Unisex,2025-11-20T09:07:43.912201
Crewneck 679,$398.32,Rating: ⭐ 3.2 / 5,3 Colors,Size: XL,Gender: Men,2025-11-20T09:07:43.912201
T-shirt 680,$510.30,Rating: ⭐ 3.2 / 5,3 Colors,Size: XXL,Gender: Women,2025-11-20T09:07:43.912201
Unknown Product,$100.00,Rating: ⭐ Invalid Rating / 5,5 Colors,Size: M,Gender: Men,2025-11-20T09:07:45.680059
Pants 682,$476.03,Rating: ⭐ 3.9 / 5,3 Colors,Size: M,Gender: Men,2025-11-20T09:07:45.680059
Outerwear 683,$244.21,Rating: ⭐ 3.6 / 5,3 Colors,Size: L,Gender: Women,2025-11-20T09:07:45.680059
Jacket 684,$443.91,Rating: ⭐ 3.5 / 5,3 Colors,Size: XL,Gender: Unisex,2025-11-20T09:07:45.680059
Crewneck 685,$93.49,Rating: ⭐ 4.6 / 5,3 Colors,Size: XXL,Gender: Men,2025-11-20T09:07:45.680059
T-shirt 686,$336.36,Rating: ⭐ 3.8 / 5,3 Colors,Size: S,Gender: Women,2025-11-20T09:07:45.680059
Hoodie 687,$263.80,Rating: ⭐ 4.7 / 5,3 Colors,Size: M,Gender: Unisex,2025-11-20T09:07:45.680059
Pants 688,$92.97,Rating: ⭐ 4.4 / 5,3 Colors,Size: L,Gender: Men,2025-11-20T09:07:45.680059
Outerwear 689,$121.19,Rating: ⭐ 4.6 / 5,3 Colors,Size: XL,Gender: Women,2025-11-20T09:07:45.680059
Jacket 690,$548.91,Rating: ⭐ 4.7 / 5,3 Colors,Size: XXL,Gender: Unisex,2025-11-20T09:07:45.680059
Unknown Product,$100.00,Rating: ⭐ Invalid Rating / 5,5 Colors,Size: M,Gender: Men,2025-11-20T09:07:45.680059
T-shirt 692,$88.53,Rating: ⭐ 4.1 / 5,3 Colors,Size: M,Gender: Women,2025-11-20T09:07:45.680059
Hoodie 693,$189.48,Rating: ⭐ 4.1 / 5,3 Colors,Size: L,Gender: Unisex,2025-11-20T09:07:45.680059
Pants 694,$154.17,Rating: ⭐ 3.4 / 5,3 Colors,Size: XL,Gender: Men,2025-11-20T09:07:45.680059
Outerwear 695,$59.96,Rating: ⭐ 3.3 / 5,3 Colors,Size: XXL,Gender: Women,2025-11-20T09:07:45.680059
Jacket 696,$321.64,Rating: ⭐ 4.2 / 5,3 Colors,Size: S,Gender: Unisex,2025-11-20T09:07:45.680059
Crewneck 697,$409.07,Rating: ⭐ 5.0 / 5,3 Colors,Size: M,Gender: Men,2025-11-20T09:07:45.680059
T-shirt 698,$152.81,Rating: ⭐ 4.1 / 5,3 Colors,Size: L,Gender: Women,2025-11-20T09:07:45.680059
Hoodie 699,$328.14,Rating: ⭐ 4.5 / 5,3 Colors,Size: XL,Gender: Unisex,2025-11-20T09:07:45.680059
Pants 700,$220.41,Rating: ⭐ 4.3 / 5,3 Colors,Size: XXL,Gender: Men,2025-11-20T09:07:45.680059
Unknown Product,$100.00,Rating: ⭐ Invalid Rating / 5,5 Colors,Size: M,Gender: Men,2025-11-20T09:07:47.635761
Jacket 702,$307.98,Rating: ⭐ 4.3 / 5,3 Colors,Size: M,Gender: Unisex,2025-11-20T09:07:47.635761
Crewneck 703,$184.32,Rating: ⭐ 4.2 / 5,3 Colors,Size: L,Gender: Men,2025-11-20T09:07:47.635761
T-shirt 704,$388.39,Rating: ⭐ 4.1 / 5,3 Colors,Size: XL,Gender: Women,2025-11-20T09:07:47.635761
Hoodie 705,$190.18,Rating: ⭐ 3.1 / 5,3 Colors,Size: XXL,Gender: Unisex,2025-11-20T09:07:47.635761
Pants 706,Price Unavailable,Rating: Not Rated,8 Colors,Size: S,Gender: Men,2025-11-20T09:07:47.635761
Outerwear 707,$484.14,Rating: ⭐ 4.4 / 5,3 Colors,Size: M,Gender: Women,2025-11-20T09:07:47.635761
Jacket 708,$533.83,Rating: ⭐ 4.3 / 5,3 Colors,Size: L,Gender: Unisex,2025-11-20T09:07:47.635761
Crewneck 709,$438.90,Rating: ⭐ 3.9 / 5,3 Colors,Size: XL,Gender: Men,2025-11-20T09:07:47.635761
T-shirt 710,$234.47,Rating: ⭐ 3.2 / 5,3 Colors,Size: XXL,Gender: Women,2025-11-20T09:07:47.635761
Unknown Product,$100.00,Rating: ⭐ Invalid Rating / 5,5 Colors,Size: M,Gender: Men,2025-11-20T09:07:47.635761
Pants 712,$94.40,Rating: ⭐ 4.1 / 5,3 Colors,Size: M,Gender: Men,2025-11-20T09:07:47.635761
Outerwear 713,$196.43,Rating: ⭐ 4.4 / 5,3 Colors,Size: L,Gender: Women,2025-11-20T09:07:47.635761
Jacket 714,$55.77,Rating: ⭐ 3.1 / 5,3 Colors,Size: XL,Gender: Unisex,2025-11-20T09:07:47.635761
Crewneck 715,$438.86,Rating: ⭐ 3.9 / 5,3 Colors,Size: XXL,Gender: Men,2025-11-20T09:07:47.635761
T-shirt 716,$225.16,Rating: ⭐ 4.9 / 5,3 Colors,Size: S,Gender: Women,2025-11-20T09:07:47.635761
Hoodie 717,$95.80,Rating: ⭐ 3.6 / 5,3 Colors,Size: M,Gender: Unisex,2025-11-20T09:07:47.635761
Pants 718,$253.57,Rating: ⭐ 3.2 / 5,3 Colors,Size: L,Gender: Men,2025-11-20T09:07:47.635761
Outerwear 719,$198.31,Rating: ⭐ 4.7 / 5,3 Colors,Size: XL,Gender: Women,2025-11-20T09:07:47.635761
Jacket 720,$126.77,Rating: ⭐ 3.8 / 5,3 Colors,Size: XXL,Gender: Unisex,2025-11-20T09:07:47.635761
Unknown Product,$100.00,Rating: ⭐ Invalid Rating / 5,5 Colors,Size: M,Gender: Men,2025-11-20T09:07:48.793750
T-shirt 722,$545.27,Rating: ⭐ 3.2 / 5,3 Colors,Size: M,Gender: Women,2025-11-20T09:07:48.793750
Hoodie 723,$354.05,Rating: ⭐ 3.4 / 5,3 Colors,Size: L,Gender: Unisex,2025-11-20T09:07:48.793750
Pants 724,$301.55,Rating: ⭐ 4.7 / 5,3 Colors,Size: XL,Gender: Men,2025-11-20T09:07:48.793750
Outerwear 725,$311.20,Rating: ⭐ 3.0 / 5,3 Colors,Size: XXL,Gender: Women,2025-11-20T09:07:48.793750
Jacket 726,$396.62,Rating: ⭐ 3.5 / 5,3 Colors,Size: S,Gender: Unisex,2025-11-20T09:07:48.793750
Crewneck 727,$251.50,Rating: ⭐ 4.8 / 5,3 Colors,Size: M,Gender: Men,2025-11-20T09:07:48.793750
T-shirt 728,$510.84,Rating: ⭐ 3.0 / 5,3 Colors,Size: L,Gender: Women,2025-11-20T09:07:48.793750
Hoodie 729,$401.96,Rating: ⭐ 3.6 / 5,3 Colors,Size: XL,Gender: Unisex,2025-11-20T09:07:48.793750
Pants 730,$451.80,Rating: ⭐ 4.5 / 5,3 Colors,Size: XXL,Gender: Men,2025-11-20T09:07:48.793750
Unknown Product,$100.00,Rating: ⭐ Invalid Rating / 5,5 Colors,Size: M,Gender: Men,2025-11-20T09:07:48.809681
Jacket 732,$412.35,Rating: ⭐ 3.9 / 5,3 Colors,Size: M,Gender: Unisex,2025-11-20T09:07:48.809681
Crewneck 733,$72.68,Rating: ⭐ 4.7 / 5,3 Colors,Size: L,Gender: Men,2025-11-20T09:07:48.809681
T-shirt 734,$428.66,Rating: ⭐ 4.2 / 5,3 Colors,Size: XL,Gender: Women,2025-11-20T09:07:48.809681
Hoodie 735,$291.52,Rating: ⭐ 4.0 / 5,3 Colors,Size: XXL,Gender: Unisex,2025-11-20T09:07:48.809681
Pants 736,Price Unavailable,Rating: Not Rated,8 Colors,Size: S,Gender: Men,2025-11-20T09:07:48.809681
Outerwear 737,$63.48,Rating: ⭐ 4.7 / 5,3 Colors,Size: M,Gender: Women,2025-11-20T09:07:48.809681
Jacket 738,$118.37,Rating: ⭐ 3.7 / 5,3 Colors,Size: L,Gender: Unisex,2025-11-20T09:07:48.809681
Crewneck 739,$504.56,Rating: ⭐ 3.3 / 5,3 Colors,Size: XL,Gender: Men,2025-11-20T09:07:48.809681
T-shirt 740,$438.54,Rating: ⭐ 3.4 / 5,3 Colors,Size: XXL,Gender: Women,2025-11-20T09:07:48.809681
Unknown Product,$100.00,Rating: ⭐ Invalid Rating / 5,5 Colors,Size: M,Gender: Men,2025-11-20T09:07:50.001702
Pants 742,$351.63,Rating: ⭐ 3.6 / 5,3 Colors,Size: M,Gender: Men,2025-11-20T09:07:50.001702
Outerwear 743,$354.88,Rating: ⭐ 3.0 / 5,3 Colors,Size: L,Gender: Women,2025-11-20T09:07:50.001702
Jacket 744,$323.48,Rating: ⭐ 4.1 / 5,3 Colors,Size: XL,Gender: Unisex,2025-11-20T09:07:50.001702
Crewneck 745,$180.16,Rating: ⭐ 3.8 / 5,3 Colors,Size: XXL,Gender: Men,2025-11-20T09:07:50.001702
T-shirt 746,$94.84,Rating: ⭐ 5.0 / 5,3 Colors,Size: S,Gender: Women,2025-11-20T09:07:50.001702
Hoodie 747,$395.43,Rating: ⭐ 4.7 / 5,3 Colors,Size: M,Gender: Unisex,2025-11-20T09:07:50.001702
Pants 748,$195.88,Rating: ⭐ 3.7 / 5,3 Colors,Size: L,Gender: Men,2025-11-20T09:07:50.001702
Outerwear 749,$164.21,Rating: ⭐ 3.2 / 5,3 Colors,Size: XL,Gender: Women,2025-11-20T09:07:50.001702
Jacket 750,$64.40,Rating: ⭐ 3.7 / 5,3 Colors,Size: XXL,Gender: Unisex,2025-11-20T09:07:50.001702
Unknown Product,$100.00,Rating: ⭐ Invalid Rating / 5,5 Colors,Size: M,Gender: Men,2025-11-20T09:07:50.001702
T-shirt 752,$464.47,Rating: ⭐ 3.8 / 5,3 Colors,Size: M,Gender: Women,2025-11-20T09:07:50.001702
Hoodie 753,$508.60,Rating: ⭐ 4.8 / 5,3 Colors,Size: L,Gender: Unisex,2025-11-20T09:07:50.001702
Pants 754,$451.86,Rating: ⭐ 3.1 / 5,3 Colors,Size: XL,Gender: Men,2025-11-20T09:07:50.001702
Outerwear 755,$431.90,Rating: ⭐ 4.6 / 5,3 Colors,Size: XXL,Gender: Women,2025-11-20T09:07:50.001702
Jacket 756,$445.50,Rating: ⭐ 3.1 / 5,3 Colors,Size: S,Gender: Unisex,2025-11-20T09:07:50.001702
Crewneck 757,$473.92,Rating: ⭐ 4.4 / 5,3 Colors,Size: M,Gender: Men,2025-11-20T09:07:50.001702
T-shirt 758,$376.62,Rating: ⭐ 3.1 / 5,3 Colors,Size: L,Gender: Women,2025-11-20T09:07:50.001702
Hoodie 759,$173.74,Rating: ⭐ 4.7 / 5,3 Colors,Size: XL,Gender: Unisex,2025-11-20T09:07:50.001702
Pants 760,$136.94,Rating: ⭐ 4.1 / 5,3 Colors,Size: XXL,Gender: Men,2025-11-20T09:07:50.001702
Unknown Product,$100.00,Rating: ⭐ Invalid Rating / 5,5 Colors,Size: M,Gender: Men,2025-11-20T09:07:51.216995
Jacket 762,$255.74,Rating: ⭐ 4.9 / 5,3 Colors,Size: M,Gender: Unisex,2025-11-20T09:07:51.216995
Crewneck 763,$362.04,Rating: ⭐ 3.9 / 5,3 Colors,Size: L,Gender: Men,2025-11-20T09:07:51.216995
T-shirt 764,$450.73,Rating: ⭐ 3.4 / 5,3 Colors,Size: XL,Gender: Women,2025-11-20T09:07:51.216995
Hoodie 765,$83.96,Rating: ⭐ 4.9 / 5,3 Colors,Size: XXL,Gender: Unisex,2025-11-20T09:07:51.216995
Pants 766,Price Unavailable,Rating: Not Rated,8 Colors,Size: S,Gender: Men,2025-11-20T09:07:51.216995
Outerwear 767,$259.55,Rating: ⭐ 4.5 / 5,3 Colors,Size: M,Gender: Women,2025-11-20T09:07:51.216995
Jacket 768,$353.88,Rating: ⭐ 4.9 / 5,3 Colors,Size: L,Gender: Unisex,2025-11-20T09:07:51.216995
Crewneck 769,$393.41,Rating: ⭐ 3.3 / 5,3 Colors,Size: XL,Gender: Men,2025-11-20T09:07:51.216995
T-shirt 770,$103.44,Rating: ⭐ 3.5 / 5,3 Colors,Size: XXL,Gender: Women,2025-11-20T09:07:51.216995
Unknown Product,$100.00,Rating: ⭐ Invalid Rating / 5,5 Colors,Size: M,Gender: Men,2025-11-20T09:07:51.216995
Pants 772,$546.76,Rating: ⭐ 3.4 / 5,3 Colors,Size: M,Gender: Men,2025-11-20T09:07:51.216995
Outerwear 773,$212.10,Rating: ⭐ 3.2 / 5,3 Colors,Size: L,Gender: Women,2025-11-20T09:07:51.216995
Jacket 774,$92.86,Rating: ⭐ 4.1 / 5,3 Colors,Size: XL,Gender: Unisex,2025-11-20T09:07:51.216995
Crewneck 775,$511.84,Rating: ⭐ 3.1 / 5,3 Colors,Size: XXL,Gender: Men,2025-11-20T09:07:51.216995
T-shirt 776,$333.32,Rating: ⭐ 3.7 / 5,3 Colors,Size: S,Gender: Women,2025-11-20T09:07:51.216995
Hoodie 777,$381.55,Rating: ⭐ 3.4 / 5,3 Colors,Size: M,Gender: Unisex,2025-11-20T09:07:51.216995
Pants 778,$377.17,Rating: ⭐ 4.2 / 5,3 Colors,Size: L,Gender: Men,2025-11-20T09:07:51.216995
Outerwear 779,$363.53,Rating: ⭐ 3.2 / 5,3 Colors,Size: XL,Gender: Women,2025-11-20T09:07:51.216995
Jacket 780,$172.97,Rating: ⭐ 3.4 / 5,3 Colors,Size: XXL,Gender: Unisex,2025-11-20T09:07:51.216995
Unknown Product,$100.00,Rating: ⭐ Invalid Rating / 5,5 Colors,Size: M,Gender: Men,2025-11-20T09:07:52.414837
T-shirt 782,$257.34,Rating: ⭐ 4.5 / 5,3 Colors,Size: M,Gender: Women,2025-11-20T09:07:52.414837
Hoodie 783,$156.92,Rating: ⭐ 3.0 / 5,3 Colors,Size: L,Gender: Unisex,2025-11-20T09:07:52.414837
Pants 784,$333.83,Rating: ⭐ 3.0 / 5,3 Colors,Size: XL,Gender: Men,2025-11-20T09:07:52.414837
Outerwear 785,$402.78,Rating: ⭐ 4.3 / 5,3 Colors,Size: XXL,Gender: Women,2025-11-20T09:07:52.414837
Jacket 786,$421.83,Rating: ⭐ 5.0 / 5,3 Colors,Size: S,Gender: Unisex,2025-11-20T09:07:52.414837
Crewneck 787,$287.10,Rating: ⭐ 4.7 / 5,3 Colors,Size: M,Gender: Men,2025-11-20T09:07:52.414837
T-shirt 788,$190.07,Rating: ⭐ 4.7 / 5,3 Colors,Size: L,Gender: Women,2025-11-20T09:07:52.414837
Hoodie 789,$134.58,Rating: ⭐ 4.0 / 5,3 Colors,Size: XL,Gender: Unisex,2025-11-20T09:07:52.414837
Pants 790,$106.77,Rating: ⭐ 3.2 / 5,3 Colors,Size: XXL,Gender: Men,2025-11-20T09:07:52.414837
Unknown Product,$100.00,Rating: ⭐ Invalid Rating / 5,5 Colors,Size: M,Gender: Men,2025-11-20T09:07:52.414837
Jacket 792,$254.31,Rating: ⭐ 3.8 / 5,3 Colors,Size: M,Gender: Unisex,2025-11-20T09:07:52.416852
Crewneck 793,$540.63,Rating: ⭐ 4.0 / 5,3 Colors,Size: L,Gender: Men,2025-11-20T09:07:52.416852
T-shirt 794,$373.94,Rating: ⭐ 4.0 / 5,3 Colors,Size: XL,Gender: Women,2025-11-20T09:07:52.416852
Hoodie 795,$263.10,Rating: ⭐ 3.9 / 5,3 Colors,Size: XXL,Gender: Unisex,2025-11-20T09:07:52.416852
Pants 796,Price Unavailable,Rating: Not Rated,8 Colors,Size: S,Gender: Men,2025-11-20T09:07:52.416852
Outerwear 797,$173.21,Rating: ⭐ 4.9 / 5,3 Colors,Size: M,Gender: Women,2025-11-20T09:07:52.416852
Jacket 798,$274.44,Rating: ⭐ 3.4 / 5,3 Colors,Size: L,Gender: Unisex,2025-11-20T09:07:52.416852
Crewneck 799,$253.05,Rating: ⭐ 4.2 / 5,3 Colors,Size: XL,Gender: Men,2025-11-20T09:07:52.416852
T-shirt 800,$464.58,Rating: ⭐ 4.6 / 5,3 Colors,Size: XXL,Gender: Women,2025-11-20T09:07:52.416852
Unknown Product,$100.00,Rating: ⭐ Invalid Rating / 5,5 Colors,Size: M,Gender: Men,2025-11-20T09:07:54.232907
Pants 802,$356.89,Rating: ⭐ 4.4 / 5,3 Colors,Size: M,Gender: Men,2025-11-20T09:07:54.232907
Outerwear 803,$117.21,Rating: ⭐ 4.3 / 5,3 Colors,Size: L,Gender: Women,2025-11-20T09:07:54.232907
Jacket 804,$278.69,Rating: ⭐ 3.9 / 5,3 Colors,Size: XL,Gender: Unisex,2025-11-20T09:07:54.232907
Crewneck 805,$204.17,Rating: ⭐ 4.8 / 5,3 Colors,Size: XXL,Gender: Men,2025-11-20T09:07:54.232907
T-shirt 806,$456.91,Rating: ⭐ 3.0 / 5,3 Colors,Size: S,Gender: Women,2025-11-20T09:07:54.232907
Hoodie 807,$313.50,Rating: ⭐ 4.7 / 5,3 Colors,Size: M,Gender: Unisex,2025-11-20T09:07:54.232907
Pants 808,$544.86,Rating: ⭐ 3.2 / 5,3 Colors,Size: L,Gender: Men,2025-11-20T09:07:54.232907
Outerwear 809,$447.66,Rating: ⭐ 3.7 / 5,3 Colors,Size: XL,Gender: Women,2025-11-20T09:07:54.232907
Jacket 810,$237.29,Rating: ⭐ 4.8 / 5,3 Colors,Size: XXL,Gender: Unisex,2025-11-20T09:07:54.232907
Unknown Product,$100.00,Rating: ⭐ Invalid Rating / 5,5 Colors,Size: M,Gender: Men,2025-11-20T09:07:54.232907
T-shirt 812,$400.38,Rating: ⭐ 4.2 / 5,3 Colors,Size: M,Gender: Women,2025-11-20T09:07:54.232907
Hoodie 813,$304.55,Rating: ⭐ 5.0 / 5,3 Colors,Size: L,Gender: Unisex,2025-11-20T09:07:54.232907
Pants 814,$69.38,Rating: ⭐ 4.7 / 5,3 Colors,Size: XL,Gender: Men,2025-11-20T09:07:54.232907
Outerwear 815,$374.09,Rating: ⭐ 4.8 / 5,3 Colors,Size: XXL,Gender: Women,2025-11-20T09:07:54.232907
Jacket 816,$103.07,Rating: ⭐ 4.5 / 5,3 Colors,Size: S,Gender: Unisex,2025-11-20T09:07:54.232907
Crewneck 817,$546.51,Rating: ⭐ 4.4 / 5,3 Colors,Size: M,Gender: Men,2025-11-20T09:07:54.232907
T-shirt 818,$322.52,Rating: ⭐ 3.8 / 5,3 Colors,Size: L,Gender: Women,2025-11-20T09:07:54.232907
Hoodie 819,$296.40,Rating: ⭐ 4.7 / 5,3 Colors,Size: XL,Gender: Unisex,2025-11-20T09:07:54.232907
Pants 820,$376.92,Rating: ⭐ 3.4 / 5,3 Colors,Size: XXL,Gender: Men,2025-11-20T09:07:54.232907
Unknown Product,$100.00,Rating: ⭐ Invalid Rating / 5,5 Colors,Size: M,Gender: Men,2025-11-20T09:07:55.485754
Jacket 822,$52.39,Rating: ⭐ 4.2 / 5,3 Colors,Size: M,Gender: Unisex,2025-11-20T09:07:55.485754
Crewneck 823,$381.47,Rating: ⭐ 4.7 / 5,3 Colors,Size: L,Gender: Men,2025-11-20T09:07:55.485754
T-shirt 824,$206.34,Rating: ⭐ 4.1 / 5,3 Colors,Size: XL,Gender: Women,2025-11-20T09:07:55.485754
Hoodie 825,$66.15,Rating: ⭐ 3.8 / 5,3 Colors,Size: XXL,Gender: Unisex,2025-11-20T09:07:55.485754
Pants 826,Price Unavailable,Rating: Not Rated,8 Colors,Size: S,Gender: Men,2025-11-20T09:07:55.485754
Outerwear 827,$443.19,Rating: ⭐ 4.8 / 5,3 Colors,Size: M,Gender: Women,2025-11-20T09:07:55.485754
Jacket 828,$145.25,Rating: ⭐ 4.6 / 5,3 Colors,Size: L,Gender: Unisex,2025-11-20T09:07:55.485754
Crewneck 829,$289.40,Rating: ⭐ 4.4 / 5,3 Colors,Size: XL,Gender: Men,2025-11-20T09:07:55.485754
T-shirt 830,$281.03,Rating: ⭐ 3.0 / 5,3 Colors,Size: XXL,Gender: Women,2025-11-20T09:07:55.488027
Unknown Product,$100.00,Rating: ⭐ Invalid Rating / 5,5 Colors,Size: M,Gender: Men,2025-11-20T09:07:55.488027
Pants 832,$247.21,Rating: ⭐ 4.6 / 5,3 Colors,Size: M,Gender: Men,2025-11-20T09:07:55.488027
Outerwear 833,$443.83,Rating: ⭐ 3.0 / 5,3 Colors,Size: L,Gender: Women,2025-11-20T09:07:55.488027
Jacket 834,$451.48,Rating: ⭐ 3.1 / 5,3 Colors,Size: XL,Gender: Unisex,2025-11-20T09:07:55.488027
Crewneck 835,$446.46,Rating: ⭐ 3.9 / 5,3 Colors,Size: XXL,Gender: Men,2025-11-20T09:07:55.488027
T-shirt 836,$379.09,Rating: ⭐ 4.1 / 5,3 Colors,Size: S,Gender: Women,2025-11-20T09:07:55.488027
Hoodie 837,$345.79,Rating: ⭐ 5.0 / 5,3 Colors,Size: M,Gender: Unisex,2025-11-20T09:07:55.488027
Pants 838,$178.05,Rating: ⭐ 3.1 / 5,3 Colors,Size: L,Gender: Men,2025-11-20T09:07:55.488027
Outerwear 839,$263.02,Rating: ⭐ 3.9 / 5,3 Colors,Size: XL,Gender: Women,2025-11-20T09:07:55.488027
Jacket 840,$510.29,Rating: ⭐ 3.6 / 5,3 Colors,Size: XXL,Gender: Unisex,2025-11-20T09:07:55.488027
Unknown Product,$100.00,Rating: ⭐ Invalid Rating / 5,5 Colors,Size: M,Gender: Men,2025-11-20T09:07:56.676939
T-shirt 842,$178.69,Rating: ⭐ 3.3 / 5,3 Colors,Size: M,Gender: Women,2025-11-20T09:07:56.676939
Hoodie 843,$187.32,Rating: ⭐ 3.6 / 5,3 Colors,Size: L,Gender: Unisex,2025-11-20T09:07:56.676939
Pants 844,$463.93,Rating: ⭐ 3.9 / 5,3 Colors,Size: XL,Gender: Men,2025-11-20T09:07:56.676939
Outerwear 845,$126.45,Rating: ⭐ 3.2 / 5,3 Colors,Size: XXL,Gender: Women,2025-11-20T09:07:56.676939
Jacket 846,$467.53,Rating: ⭐ 3.6 / 5,3 Colors,Size: S,Gender: Unisex,2025-11-20T09:07:56.676939
Crewneck 847,$299.37,Rating: ⭐ 3.7 / 5,3 Colors,Size: M,Gender: Men,2025-11-20T09:07:56.676939
T-shirt 848,$383.39,Rating: ⭐ 4.1 / 5,3 Colors,Size: L,Gender: Women,2025-11-20T09:07:56.676939
Hoodie 849,$488.51,Rating: ⭐ 3.5 / 5,3 Colors,Size: XL,Gender: Unisex,2025-11-20T09:07:56.676939
Pants 850,$259.01,Rating: ⭐ 4.2 / 5,3 Colors,Size: XXL,Gender: Men,2025-11-20T09:07:56.676939
Unknown Product,$100.00,Rating: ⭐ Invalid Rating / 5,5 Colors,Size: M,Gender: Men,2025-11-20T09:07:56.676939
Jacket 852,$173.58,Rating: ⭐ 4.1 / 5,3 Colors,Size: M,Gender: Unisex,2025-11-20T09:07:56.676939
Crewneck 853,$165.24,Rating: ⭐ 3.4 / 5,3 Colors,Size: L,Gender: Men,2025-11-20T09:07:56.676939
T-shirt 854,$100.00,Rating: ⭐ 4.5 / 5,3 Colors,Size: XL,Gender: Women,2025-11-20T09:07:56.676939
Hoodie 855,$203.11,Rating: ⭐ 5.0 / 5,3 Colors,Size: XXL,Gender: Unisex,2025-11-20T09:07:56.676939
Pants 856,Price Unavailable,Rating: Not Rated,8 Colors,Size: S,Gender: Men,2025-11-20T09:07:56.676939
Outerwear 857,$283.30,Rating: ⭐ 3.0 / 5,3 Colors,Size: M,Gender: Women,2025-11-20T09:07:56.676939
Jacket 858,$234.29,Rating: ⭐ 3.7 / 5,3 Colors,Size: L,Gender: Unisex,2025-11-20T09:07:56.676939
Crewneck 859,$401.16,Rating: ⭐ 3.0 / 5,3 Colors,Size: XL,Gender: Men,2025-11-20T09:07:56.676939
T-shirt 860,$151.21,Rating: ⭐ 4.7 / 5,3 Colors,Size: XXL,Gender: Women,2025-11-20T09:07:56.676939
Unknown Product,$100.00,Rating: ⭐ Invalid Rating / 5,5 Colors,Size: M,Gender: Men,2025-11-20T09:07:57.861598
Pants 862,$258.21,Rating: ⭐ 3.3 / 5,3 Colors,Size: M,Gender: Men,2025-11-20T09:07:57.861598
Outerwear 863,$66.96,Rating: ⭐ 4.0 / 5,3 Colors,Size: L,Gender: Women,2025-11-20T09:07:57.861598
Jacket 864,$135.50,Rating: ⭐ 4.5 / 5,3 Colors,Size: XL,Gender: Unisex,2025-11-20T09:07:57.861598
Crewneck 865,$425.32,Rating: ⭐ 3.9 / 5,3 Colors,Size: XXL,Gender: Men,2025-11-20T09:07:57.863606
T-shirt 866,$149.94,Rating: ⭐ 3.2 / 5,3 Colors,Size: S,Gender: Women,2025-11-20T09:07:57.863606
Hoodie 867,$81.49,Rating: ⭐ 3.3 / 5,3 Colors,Size: M,Gender: Unisex,2025-11-20T09:07:57.863606
Pants 868,$467.11,Rating: ⭐ 4.6 / 5,3 Colors,Size: L,Gender: Men,2025-11-20T09:07:57.863606
Outerwear 869,$377.52,Rating: ⭐ 4.5 / 5,3 Colors,Size: XL,Gender: Women,2025-11-20T09:07:57.863606
Jacket 870,$399.69,Rating: ⭐ 3.5 / 5,3 Colors,Size: XXL,Gender: Unisex,2025-11-20T09:07:57.863606
Unknown Product,$100.00,Rating: ⭐ Invalid Rating / 5,5 Colors,Size: M,Gender: Men,2025-11-20T09:07:57.863606
T-shirt 872,$83.98,Rating: ⭐ 4.3 / 5,3 Colors,Size: M,Gender: Women,2025-11-20T09:07:57.863606
Hoodie 873,$520.10,Rating: ⭐ 4.8 / 5,3 Colors,Size: L,Gender: Unisex,2025-11-20T09:07:57.863606
Pants 874,$172.20,Rating: ⭐ 4.4 / 5,3 Colors,Size: XL,Gender: Men,2025-11-20T09:07:57.863606
Outerwear 875,$156.67,Rating: ⭐ 4.6 / 5,3 Colors,Size: XXL,Gender: Women,2025-11-20T09:07:57.863606
Jacket 876,$201.61,Rating: ⭐ 4.6 / 5,3 Colors,Size: S,Gender: Unisex,2025-11-20T09:07:57.863606
Crewneck 877,$284.54,Rating: ⭐ 4.6 / 5,3 Colors,Size: M,Gender: Men,2025-11-20T09:07:57.863606
T-shirt 878,$300.61,Rating: ⭐ 4.7 / 5,3 Colors,Size: L,Gender: Women,2025-11-20T09:07:57.863606
Hoodie 879,$64.18,Rating: ⭐ 3.1 / 5,3 Colors,Size: XL,Gender: Unisex,2025-11-20T09:07:57.865613
Pants 880,$406.11,Rating: ⭐ 4.3 / 5,3 Colors,Size: XXL,Gender: Men,2025-11-20T09:07:57.865613
Unknown Product,$100.00,Rating: ⭐ Invalid Rating / 5,5 Colors,Size: M,Gender: Men,2025-11-20T09:07:59.073429
Jacket 882,$401.31,Rating: ⭐ 3.3 / 5,3 Colors,Size: M,Gender: Unisex,2025-11-20T09:07:59.073429
Crewneck 883,$368.82,Rating: ⭐ 3.6 / 5,3 Colors,Size: L,Gender: Men,2025-11-20T09:07:59.073429
T-shirt 884,$463.42,Rating: ⭐ 4.3 / 5,3 Colors,Size: XL,Gender: Women,2025-11-20T09:07:59.073429
Hoodie 885,$297.54,Rating: ⭐ 3.4 / 5,3 Colors,Size: XXL,Gender: Unisex,2025-11-20T09:07:59.073429
Pants 886,Price Unavailable,Rating: Not Rated,8 Colors,Size: S,Gender: Men,2025-11-20T09:07:59.073429
Outerwear 887,$487.90,Rating: ⭐ 3.8 / 5,3 Colors,Size: M,Gender: Women,2025-11-20T09:07:59.073429
Jacket 888,$491.83,Rating: ⭐ 4.2 / 5,3 Colors,Size: L,Gender: Unisex,2025-11-20T09:07:59.073429
Crewneck 889,$395.87,Rating: ⭐ 4.6 / 5,3 Colors,Size: XL,Gender: Men,2025-11-20T09:07:59.073429
T-shirt 890,$402.44,Rating: ⭐ 4.7 / 5,3 Colors,Size: XXL,Gender: Women,2025-11-20T09:07:59.073429
Unknown Product,$100.00,Rating: ⭐ Invalid Rating / 5,5 Colors,Size: M,Gender: Men,2025-11-20T09:07:59.073429
Pants 892,$532.21,Rating: ⭐ 4.4 / 5,3 Colors,Size: M,Gender: Men,2025-11-20T09:07:59.073429
Outerwear 893,$167.10,Rating: ⭐ 3.2 / 5,3 Colors,Size: L,Gender: Women,2025-11-20T09:07:59.073429
Jacket 894,$184.16,Rating: ⭐ 4.8 / 5,3 Colors,Size: XL,Gender: Unisex,2025-11-20T09:07:59.073429
Crewneck 895,$70.42,Rating: ⭐ 4.3 / 5,3 Colors,Size: XXL,Gender: Men,2025-11-20T09:07:59.073429
T-shirt 896,$492.11,Rating: ⭐ 4.9 / 5,3 Colors,Size: S,Gender: Women,2025-11-20T09:07:59.073429
Hoodie 897,$379.87,Rating: ⭐ 3.1 / 5,3 Colors,Size: M,Gender: Unisex,2025-11-20T09:07:59.073429
Pants 898,$525.54,Rating: ⭐ 4.1 / 5,3 Colors,Size: L,Gender: Men,2025-11-20T09:07:59.073429
Outerwear 899,$387.06,Rating: ⭐ 4.8 / 5,3 Colors,Size: XL,Gender: Women,2025-11-20T09:07:59.073429
Jacket 900,$450.89,Rating: ⭐ 3.3 / 5,3 Colors,Size: XXL,Gender: Unisex,2025-11-20T09:07:59.073429
Unknown Product,$100.00,Rating: ⭐ Invalid Rating / 5,5 Colors,Size: M,Gender: Men,2025-11-20T09:08:00.287986
T-shirt 902,$197.75,Rating: ⭐ 3.6 / 5,3 Colors,Size: M,Gender: Women,2025-11-20T09:08:00.287986
Hoodie 903,$163.62,Rating: ⭐ 4.1 / 5,3 Colors,Size: L,Gender: Unisex,2025-11-20T09:08:00.287986
Pants 904,$209.77,Rating: ⭐ 3.9 / 5,3 Colors,Size: XL,Gender: Men,2025-11-20T09:08:00.287986
Outerwear 905,$314.24,Rating: ⭐ 4.9 / 5,3 Colors,Size: XXL,Gender: Women,2025-11-20T09:08:00.287986
Jacket 906,$268.86,Rating: ⭐ 3.9 / 5,3 Colors,Size: S,Gender: Unisex,2025-11-20T09:08:00.287986
Crewneck 907,$545.79,Rating: ⭐ 4.9 / 5,3 Colors,Size: M,Gender: Men,2025-11-20T09:08:00.287986
T-shirt 908,$497.18,Rating: ⭐ 4.2 / 5,3 Colors,Size: L,Gender: Women,2025-11-20T09:08:00.287986
Hoodie 909,$523.99,Rating: ⭐ 3.6 / 5,3 Colors,Size: XL,Gender: Unisex,2025-11-20T09:08:00.287986
Pants 910,$149.70,Rating: ⭐ 4.7 / 5,3 Colors,Size: XXL,Gender: Men,2025-11-20T09:08:00.287986
Unknown Product,$100.00,Rating: ⭐ Invalid Rating / 5,5 Colors,Size: M,Gender: Men,2025-11-20T09:08:00.287986
Jacket 912,$490.83,Rating: ⭐ 4.9 / 5,3 Colors,Size: M,Gender: Unisex,2025-11-20T09:08:00.287986
Crewneck 913,$201.39,Rating: ⭐ 3.5 / 5,3 Colors,Size: L,Gender: Men,2025-11-20T09:08:00.287986
T-shirt 914,$362.45,Rating: ⭐ 4.6 / 5,3 Colors,Size: XL,Gender: Women,2025-11-20T09:08:00.287986
Hoodie 915,$165.57,Rating: ⭐ 4.2 / 5,3 Colors,Size: XXL,Gender: Unisex,2025-11-20T09:08:00.287986
Pants 916,Price Unavailable,Rating: Not Rated,8 Colors,Size: S,Gender: Men,2025-11-20T09:08:00.304063
Outerwear 917,$378.85,Rating: ⭐ 4.0 / 5,3 Colors,Size: M,Gender: Women,2025-11-20T09:08:00.304063
Jacket 918,$336.30,Rating: ⭐ 3.3 / 5,3 Colors,Size: L,Gender: Unisex,2025-11-20T09:08:00.304063
Crewneck 919,$522.75,Rating: ⭐ 4.7 / 5,3 Colors,Size: XL,Gender: Men,2025-11-20T09:08:00.304063
T-shirt 920,$231.63,Rating: ⭐ 3.2 / 5,3 Colors,Size: XXL,Gender: Women,2025-11-20T09:08:00.304063
Unknown Product,$100.00,Rating: ⭐ Invalid Rating / 5,5 Colors,Size: M,Gender: Men,2025-11-20T09:08:01.493375
Pants 922,$75.68,Rating: ⭐ 4.4 / 5,3 Colors,Size: M,Gender: Men,2025-11-20T09:08:01.493375
Outerwear 923,$152.24,Rating: ⭐ 3.7 / 5,3 Colors,Size: L,Gender: Women,2025-11-20T09:08:01.493375
Jacket 924,$235.27,Rating: ⭐ 3.8 / 5,3 Colors,Size: XL,Gender: Unisex,2025-11-20T09:08:01.493375
Crewneck 925,$493.80,Rating: ⭐ 4.5 / 5,3 Colors,Size: XXL,Gender: Men,2025-11-20T09:08:01.493375
T-shirt 926,$119.44,Rating: ⭐ 4.6 / 5,3 Colors,Size: S,Gender: Women,2025-11-20T09:08:01.493375
Hoodie 927,$481.65,Rating: ⭐ 3.5 / 5,3 Colors,Size: M,Gender: Unisex,2025-11-20T09:08:01.493375
Pants 928,$244.48,Rating: ⭐ 3.4 / 5,3 Colors,Size: L,Gender: Men,2025-11-20T09:08:01.493375
Outerwear 929,$78.34,Rating: ⭐ 3.3 / 5,3 Colors,Size: XL,Gender: Women,2025-11-20T09:08:01.493375
Jacket 930,$108.82,Rating: ⭐ 4.9 / 5,3 Colors,Size: XXL,Gender: Unisex,2025-11-20T09:08:01.493375
Unknown Product,$100.00,Rating: ⭐ Invalid Rating / 5,5 Colors,Size: M,Gender: Men,2025-11-20T09:08:01.493375
T-shirt 932,$371.10,Rating: ⭐ 4.2 / 5,3 Colors,Size: M,Gender: Women,2025-11-20T09:08:01.493375
Hoodie 933,$310.05,Rating: ⭐ 3.4 / 5,3 Colors,Size: L,Gender: Unisex,2025-11-20T09:08:01.493375
Pants 934,$140.51,Rating: ⭐ 3.6 / 5,3 Colors,Size: XL,Gender: Men,2025-11-20T09:08:01.493375
Outerwear 935,$378.00,Rating: ⭐ 4.1 / 5,3 Colors,Size: XXL,Gender: Women,2025-11-20T09:08:01.493375
Jacket 936,$385.34,Rating: ⭐ 3.1 / 5,3 Colors,Size: S,Gender: Unisex,2025-11-20T09:08:01.493375
Crewneck 937,$154.71,Rating: ⭐ 4.1 / 5,3 Colors,Size: M,Gender: Men,2025-11-20T09:08:01.493375
T-shirt 938,$253.65,Rating: ⭐ 3.6 / 5,3 Colors,Size: L,Gender: Women,2025-11-20T09:08:01.493375
Hoodie 939,$279.13,Rating: ⭐ 4.8 / 5,3 Colors,Size: XL,Gender: Unisex,2025-11-20T09:08:01.493375
Pants 940,$361.00,Rating: ⭐ 3.7 / 5,3 Colors,Size: XXL,Gender: Men,2025-11-20T09:08:01.493375
Unknown Product,$100.00,Rating: ⭐ Invalid Rating / 5,5 Colors,Size: M,Gender: Men,2025-11-20T09:08:03.197009
Jacket 942,$498.31,Rating: ⭐ 3.0 / 5,3 Colors,Size: M,Gender: Unisex,2025-11-20T09:08:03.197009
Crewneck 943,$285.69,Rating: ⭐ 4.4 / 5,3 Colors,Size: L,Gender: Men,2025-11-20T09:08:03.197009
T-shirt 944,$98.64,Rating: ⭐ 4.6 / 5,3 Colors,Size: XL,Gender: Women,2025-11-20T09:08:03.197009
Hoodie 945,$131.73,Rating: ⭐ 4.2 / 5,3 Colors,Size: XXL,Gender: Unisex,2025-11-20T09:08:03.197009
Pants 946,Price Unavailable,Rating: Not Rated,8 Colors,Size: S,Gender: Men,2025-11-20T09:08:03.197009
Outerwear 947,$442.48,Rating: ⭐ 4.6 / 5,3 Colors,Size: M,Gender: Women,2025-11-20T09:08:03.197009
Jacket 948,$287.53,Rating: ⭐ 3.9 / 5,3 Colors,Size: L,Gender: Unisex,2025-11-20T09:08:03.197009
Crewneck 949,$115.27,Rating: ⭐ 4.4 / 5,3 Colors,Size: XL,Gender: Men,2025-11-20T09:08:03.197009
T-shirt 950,$480.73,Rating: ⭐ 4.9 / 5,3 Colors,Size: XXL,Gender: Women,2025-11-20T09:08:03.197009
Unknown Product,$100.00,Rating: ⭐ Invalid Rating / 5,5 Colors,Size: M,Gender: Men,2025-11-20T09:08:03.197009
Pants 952,$447.19,Rating: ⭐ 3.7 / 5,3 Colors,Size: M,Gender: Men,2025-11-20T09:08:03.197009
Outerwear 953,$526.45,Rating: ⭐ 3.8 / 5,3 Colors,Size: L,Gender: Women,2025-11-20T09:08:03.197009
Jacket 954,$242.42,Rating: ⭐ 4.1 / 5,3 Colors,Size: XL,Gender: Unisex,2025-11-20T09:08:03.197009
Crewneck 955,$437.91,Rating: ⭐ 4.7 / 5,3 Colors,Size: XXL,Gender: Men,2025-11-20T09:08:03.197009
T-shirt 956,$278.60,Rating: ⭐ 3.1 / 5,3 Colors,Size: S,Gender: Women,2025-11-20T09:08:03.197009
Hoodie 957,$251.52,Rating: ⭐ 4.4 / 5,3 Colors,Size: M,Gender: Unisex,2025-11-20T09:08:03.197009
Pants 958,$246.64,Rating: ⭐ 4.8 / 5,3 Colors,Size: L,Gender: Men,2025-11-20T09:08:03.197009
Outerwear 959,$426.78,Rating: ⭐ 4.6 / 5,3 Colors,Size: XL,Gender: Women,2025-11-20T09:08:03.197009
Jacket 960,$365.01,Rating: ⭐ 4.5 / 5,3 Colors,Size: XXL,Gender: Unisex,2025-11-20T09:08:03.197009
Unknown Product,$100.00,Rating: ⭐ Invalid Rating / 5,5 Colors,Size: M,Gender: Men,2025-11-20T09:08:04.431164
T-shirt 962,$180.49,Rating: ⭐ 4.1 / 5,3 Colors,Size: M,Gender: Women,2025-11-20T09:08:04.431164
Hoodie 963,$494.76,Rating: ⭐ 4.6 / 5,3 Colors,Size: L,Gender: Unisex,2025-11-20T09:08:04.431164
Pants 964,$242.83,Rating: ⭐ 3.3 / 5,3 Colors,Size: XL,Gender: Men,2025-11-20T09:08:04.431164
Outerwear 965,$194.20,Rating: ⭐ 4.5 / 5,3 Colors,Size: XXL,Gender: Women,2025-11-20T09:08:04.431164
Jacket 966,$531.22,Rating: ⭐ 4.9 / 5,3 Colors,Size: S,Gender: Unisex,2025-11-20T09:08:04.431164
Crewneck 967,$109.00,Rating: ⭐ 3.5 / 5,3 Colors,Size: M,Gender: Men,2025-11-20T09:08:04.431164
T-shirt 968,$252.82,Rating: ⭐ 4.4 / 5,3 Colors,Size: L,Gender: Women,2025-11-20T09:08:04.431164
Hoodie 969,$264.49,Rating: ⭐ 3.8 / 5,3 Colors,Size: XL,Gender: Unisex,2025-11-20T09:08:04.431164
Pants 970,$59.56,Rating: ⭐ 4.6 / 5,3 Colors,Size: XXL,Gender: Men,2025-11-20T09:08:04.431164
Unknown Product,$100.00,Rating: ⭐ Invalid Rating / 5,5 Colors,Size: M,Gender: Men,2025-11-20T09:08:04.431164
Jacket 972,$454.50,Rating: ⭐ 4.4 / 5,3 Colors,Size: M,Gender: Unisex,2025-11-20T09:08:04.431164
Crewneck 973,$445.90,Rating: ⭐ 3.9 / 5,3 Colors,Size: L,Gender: Men,2025-11-20T09:08:04.431164
T-shirt 974,$298.08,Rating: ⭐ 3.0 / 5,3 Colors,Size: XL,Gender: Women,2025-11-20T09:08:04.431164
Hoodie 975,$301.00,Rating: ⭐ 3.6 / 5,3 Colors,Size: XXL,Gender: Unisex,2025-11-20T09:08:04.431164
Pants 976,Price Unavailable,Rating: Not Rated,8 Colors,Size: S,Gender: Men,2025-11-20T09:08:04.431164
Outerwear 977,$209.75,Rating: ⭐ 3.6 / 5,3 Colors,Size: M,Gender: Women,2025-11-20T09:08:04.431164
Jacket 978,$244.89,Rating: ⭐ 3.6 / 5,3 Colors,Size: L,Gender: Unisex,2025-11-20T09:08:04.431164
Crewneck 979,$303.03,Rating: ⭐ 3.4 / 5,3 Colors,Size: XL,Gender: Men,2025-11-20T09:08:04.431164
T-shirt 980,$409.00,Rating: ⭐ 3.1 / 5,3 Colors,Size: XXL,Gender: Women,2025-11-20T09:08:04.431164
Unknown Product,$100.00,Rating: ⭐ Invalid Rating / 5,5 Colors,Size: M,Gender: Men,2025-11-20T09:08:05.700648
Pants 982,$455.11,Rating: ⭐ 4.9 / 5,3 Colors,Size: M,Gender: Men,2025-11-20T09:08:05.700648
Outerwear 983,$360.16,Rating: ⭐ 3.2 / 5,3 Colors,Size: L,Gender: Women,2025-11-20T09:08:05.700648
Jacket 984,$459.34,Rating: ⭐ 3.8 / 5,3 Colors,Size: XL,Gender: Unisex,2025-11-20T09:08:05.700648
Crewneck 985,$389.75,Rating: ⭐ 4.3 / 5,3 Colors,Size: XXL,Gender: Men,2025-11-20T09:08:05.700648
T-shirt 986,$419.61,Rating: ⭐ 4.5 / 5,3 Colors,Size: S,Gender: Women,2025-11-20T09:08:05.700648
Hoodie 987,$250.50,Rating: ⭐ 4.7 / 5,3 Colors,Size: M,Gender: Unisex,2025-11-20T09:08:05.700648
Pants 988,$128.39,Rating: ⭐ 3.5 / 5,3 Colors,Size: L,Gender: Men,2025-11-20T09:08:05.700648
Outerwear 989,$429.34,Rating: ⭐ 4.2 / 5,3 Colors,Size: XL,Gender: Women,2025-11-20T09:08:05.700648
Jacket 990,$207.96,Rating: ⭐ 4.2 / 5,3 Colors,Size: XXL,Gender: Unisex,2025-11-20T09:08:05.700648
Unknown Product,$100.00,Rating: ⭐ Invalid Rating / 5,5 Colors,Size: M,Gender: Men,2025-11-20T09:08:05.700648
T-shirt 992,$302.53,Rating: ⭐ 4.9 / 5,3 Colors,Size: M,Gender: Women,2025-11-20T09:08:05.700648
Hoodie 993,$397.62,Rating: ⭐ 3.4 / 5,3 Colors,Size: L,Gender: Unisex,2025-11-20T09:08:05.700648
Pants 994,$105.86,Rating: ⭐ 4.4 / 5,3 Colors,Size: XL,Gender: Men,2025-11-20T09:08:05.700648
Outerwear 995,$502.92,Rating: ⭐ 3.2 / 5,3 Colors,Size: XXL,Gender: Women,2025-11-20T09:08:05.700648
Jacket 996,$433.90,Rating: ⭐ 4.3 / 5,3 Colors,Size: S,Gender: Unisex,2025-11-20T09:08:05.700648
Crewneck 997,$332.58,Rating: ⭐ 3.9 / 5,3 Colors,Size: M,Gender: Men,2025-11-20T09:08:05.700648
T-shirt 998,$56.75,Rating: ⭐ 4.2 / 5,3 Colors,Size: L,Gender: Women,2025-11-20T09:08:05.700648
Hoodie 999,$533.39,Rating: ⭐ 4.8 / 5,3 Colors,Size: XL,Gender: Unisex,2025-11-20T09:08:05.700648
Pants 1000,$183.64,Rating: ⭐ 4.7 / 5,3 Colors,Size: XXL,Gender: Men,2025-11-20T09:08:05.700648
